Localidade,Quantidade Famílias Sim,Quantidade Famílias Não,Quantidade Famílias Total
Localidade nÃ£o preenchida,20,33,53
100,0,1,1
10022483705,0,1,1
1030317,1,0,1
1061111,2,0,2
1063333,1,0,1
1073333,1,1,2
11,0,3,3
1103333,1,0,1
111111,1,0,1
1112222,1,0,1
1123333,1,0,1
1130643,1,0,1
11490508708,1,0,1
1163333,1,0,1
1173333,1,0,1
12,0,1,1
1221111,0,1,1
1223333,0,2,2
12282218710,0,1,1
1231111,1,0,1
1241111,1,0,1
12411111,1,0,1
13,1,0,1
13574383703,1,0,1
14,0,1,1
1401111,1,1,2
141,1,0,1
141111,1,0,1
1411111,2,0,2
1413333,1,0,1
1422222,1,0,1
1461111,1,0,1
1481025,1,0,1
1481111,1,0,1
1482222,0,1,1
1491111,0,1,1
1492222,2,0,2
1493333,0,1,1
1501111,1,0,1
1511111,1,0,1
151 3333,1,0,1
1573333,0,1,1
1573695760,0,1,1
17552,0,1,1
18,0,1,1
1BANGU,1,0,1
1CAJU,0,1,1
1IRAJA,0,1,1
1RAMOS,0,1,1
1SANTA CRUZ,0,1,1
1SEPETIBA,0,1,1
Localidade nÃ£o preenchida,3,7,10
2021,1,0,1
21,0,2,2
21725020,1,0,1
22,2,1,3
25SANTA TERESA,0,1,1
2ACARI,1,0,1
2SENADOR CAMARA,0,1,1
Localidade nÃ£o preenchida,0,1,1
34111,1,0,1
36107,1,0,1
Localidade nÃ£o preenchida,1,0,1
40008,1,0,1
420094,1,0,1
421111,0,1,1
430128,1,0,1
43111,1,0,1
431111,1,3,4
4PILARES,1,0,1
Localidade nÃ£o preenchida,1,0,1
524,1,0,1
533333,1,0,1
540670,0,1,1
5 BOCA,1,0,1
661111,0,1,1
690143,1,0,1
75275554753,0,1,1
7 DE ABRIL,0,2,2
Localidade nÃ£o preenchida,0,1,1
820210,0,1,1
830230,1,0,1
831111,0,1,1
85,0,1,1
861111,2,1,3
Localidade nÃ£o preenchida,2,1,3
90012,1,0,1
901111,0,1,1
9SEPETIBA,0,2,2
AANCHIETA,1,0,1
AARI,2,1,3
ABOLICAO,502,718,1
ABOLICO,0,1,1
ABOLIOCAO,0,1,1
ABOOICAO,0,1,1
ACARAI,1,0,1
ACARFI,1,0,1
ACARI,3,5,8
ACARIA,0,1,1
ACARI RUA,0,1,1
ACARO,0,1,1
ACARU,0,1,1
ACHIETA,2,1,3
ACIENCIA,1,0,1
ACRAI,0,1,1
AGALHAES BASTOS,0,1,1
AGUA SA,0,1,1
AGUA SANTA,327,717,1
AJU,1,4,5
AL,1,1,2
ALAGADO,1,0,1
ALT,1,0,1
ALTO,2,3,5
ALTO BOA VISTA,3,4,7
ALTO DA BOA,1,0,1
ALTO DA BOAVISTA,0,1,1
ALTO DA BOA VISTA,627,469,1
ALTO DA BOA VISTAQ,0,1,1
ALTO SIMAO,1,0,1
AMARELINHO,0,1,1
AMARO AMAURI DOS SANTOS,1,0,1
AMCHIETA,2,0,2
AMDARAI,0,1,1
AMIL,0,1,1
AMORIM,1,0,1
AMRE,1,0,1
AN,0,2,2
ANA,0,1,1
ANACHIETA,1,1,2
ANADARAI,0,1,1
ANC,1,0,1
ANCHEITA,2,6,8
ANCHETA,1,0,1
ANCHIEA,1,0,1
ANCHIETA,3,5,8
ANCHIETE,0,1,1
ANCHIIETA,0,1,1
ANCHITA,1,2,3
ANCIETA,0,1,1
ANCIHETA,0,1,1
ANDA,0,1,1
ANDARA,0,1,1
ANDARAI,1,1,3
ANDARAII,0,2,2
ANDRAI,1,1,2
ANDREA FABRICIO DA SILVA,0,1,1
ANDREA MENDES CRUZ,0,1,1
ANHIETA,0,1,1
ANI,0,1,1
ANIL,2,1,4
AN IL,1,0,1
ANILA,1,0,1
ANIL JACAREPAGUA,2,0,2
ANL,1,1,2
ANTA CRUZ,1,0,1
ANTARES,0,2,2
ANXIETA,0,1,1
ARARA,0,2,2
ARARA BENFICA,0,1,1
AREINHA,0,1,1
ASCARI,0,1,1
ATUBA,0,1,1
AUGUSTO VASCONCELOS,1,5,6
AV,0,1,1
AVENIDA,2,3,5
AVENIDA CIDADE DE DEUS LADO MPAR,1,0,1
Localidade nÃ£o preenchida,1,0,1
BA,0,1,1
BABGU,0,1,1
BAIRRO,3,14,17
BAIRRO CARIOCA,1,5,6
BAIRRO CURICICA,0,1,1
BAIRRO DE FATIMA,0,1,1
BAIRRO FILHOS,1,0,1
BAIRRO INHOAIBA,0,1,1
BAIRRO REALENGO,0,1,1
BAIXA,1,1,2
BAIXA DO SAPATEIRO,0,5,5
BAIXA SAPATEIRO,0,1,1
BAMGU,1,2,3
BANBGU,0,1,1
BANCARIOS,918,830,1
B ANCARIOS,0,1,1
BANCRARIOS,1,0,1
BANGIU,1,0,1
BANGO,2,0,2
BANGU,12,19,31
BA NGU,0,2,2
BANGU CANCELA PRETA,0,1,1
BANGU CATIRI,1,7,8
BANGUE,0,1,1
BANGUI,0,1,1
BANGUJ,1,0,1
BANGUU,1,0,1
BANGU VILA KENNEDY,0,1,1
BANNGU,0,1,1
BANRUA,0,1,1
BANU,1,1,2
BANUGU,0,1,1
BAQNGU,1,0,1
BARA DA TIJUCA,0,1,1
BARAR DA TIJUCA,1,0,1
BARR,1,0,1
BARRA,0,1,1
BARRA DA TIJIUCA,1,0,1
B ARRA DA TIJUCA,1,0,1
BARRA DA TIJUCA,489,305,794
BARRA DE GUARATBA,0,1,1
BARRA DE GUARATIBA,368,428,796
BARRA DE GUARRTIBA,1,0,1
BARRA DE GUARTIBA,1,1,2
BARRA DE GURATIBA,0,1,1
BARRA DE TIJUCA,0,3,3
BARRA GUARATIBA,1,2,3
BARRA GUUARATIBA,1,0,1
BARR DA TIJUCA,0,1,1
BARREIRA DO VASCO,1,18,19
BARRO FILHO,0,1,1
BARRO FILHOS,0,1,1
BARROS,1,0,1
BARROS DE FILHO,0,1,1
BARROS FIHO,0,3,3
BARROS FILGO,1,0,1
BARROS FILHO,1,1,3
BARROS FILHOA,0,1,1
BARROS FILHOS,4,17,21
BARRROS FILHO,0,1,1
BATAM,0,1,1
BATAN,0,5,5
BEBTO RIBEIRO,0,1,1
BECO,1,0,1
BECO COQUERAL,0,1,1
BECO DA AMIZADE,0,1,1
BECO DA GLORIA,0,1,1
BEENFICA,0,1,1
BEIRA RIO,0,1,1
BELA VISTA,0,1,1
BEMFICA,1,1,2
BEN,0,2,2
BENFIC,0,1,1
BENFICA,2,3,6
BENTI RIBEIRO,0,1,1
BENTO RBEIRO,0,1,1
BENTO REBEIRO,1,4,5
BENTO RIBEIRO,1,2,3
BENTO RIBERO,1,5,6
BNACARIOS,1,0,1
BNAGU,1,2,3
BO,0,1,1
BO0NSUCESSO,1,0,1
BOATFOGO,3,2,5
BOIUNA,1,1,2
BOMSUCESSO,1,1,2
BONCESSO,1,0,1
BONSECESSO,1,0,1
BONSICESSO,0,2,2
BONSSUCESSO,1,0,1
BONSU,0,2,2
BONSUCESO,1,1,2
BONSUCESS0,0,3,3
BONSUCESSO,1,1,2
BONSUCESSO MARE,1,0,1
BONSUCSSO,0,2,2
BORDA DO MATO,0,1,1
BOREL,0,1,1
BOSUCESSO,1,3,4
BOTAFOFO,1,3,4
BOTAFOGO,2,1,3
BOTAFOGO1,1,0,1
BOTAFOGOL,0,1,1
BOTAFOGOQ,1,0,1
BOTFOGO,0,1,1
BOTOFAGO,1,2,3
BRAS,0,1,1
BRAS DE,0,1,1
BRAS DE OLIVEIRA,0,1,1
BRAS DE P,1,0,1
BRAS DE PINA,2,4,7
BRASDE PINA,0,1,1
BRAS DE PINARUA,0,3,3
BRAS DE PNA,0,1,1
BRAS DE PONA,0,1,1
BRAS DRE PINA,0,1,1
BRAS E PINA,1,0,1
BRAS PINA,2,0,2
BRAZ DE PINA,41,55,96
BRS DE PINA,0,1,1
BRUNO BERTO FARIA,0,1,1
BSNGU,0,1,1
BUNGU,1,0,1
BUNSUCESSO,1,0,1
Localidade nÃ£o preenchida,1,2,3
CA,1,0,1
CA 02,0,1,1
CAACHAMBI,1,0,1
CAAMPO GRANDE,0,1,1
CACADURA,2,0,2
CACAMBI,0,1,1
CACHAMB,1,0,1
CACHAMBI,1,1,2
CACHAMI,0,1,1
CACUIA,724,551,1
CAFUNDA,0,1,1
CAHAMBI,0,2,2
CAJ,1,0,1
CAJU,2,5,7
CAJU7,0,1,1
CAJU PARQUE ALEGRIA,0,1,1
CAJUU,1,0,1
CAKI,0,1,1
CALVALCANTI,1,0,1
CAM,0,1,1
CAMAPO GRANDE,0,1,1
CAMARA,1,0,1
CAMDPO GRANDE,1,0,1
CAMILA PAMELA FRANCISCO DE SOUZA,0,1,1
CAMMPO GRANDE,0,1,1
CAMO,0,1,1
CAMO GRANDE,3,6,9
CAMOO GRANDE,0,1,1
CAMOP GRANDE,0,1,1
CAMOPO GRANDE,0,1,1
CAMORIM,479,568,1
C AMORIM,0,1,1
CAMP,0,1,1
CAMP0 GRANDE,2,0,2
CAMP0O GRANDE,1,0,1
CAMP GRANDE,7,7,14
CAMPI GRANDE,2,3,5
CAMPIMHO,0,1,1
CAMPINHO,525,715,1
CAMPIO GRANDE,0,1,1
CAMPNHO,0,1,1
CAMPO,1,2,3
CAMPO DOS AFONSO,1,0,1
CAMPO DOS AFONSOS,12,6,18
CAMPO FGRANDE,1,0,1
CAMPO GANDE,2,14,16
CAMPO GARANDE,0,1,1
CAMPO GARNDE,4,2,6
CAMPO GRA,0,1,1
CAMPO GRADE,3,5,8
CAMPO GRADNE,0,1,1
CAMPO GRAMDE,0,2,2
CAMPO GRAND,1,1,2
CAMPO GRAND3E,1,0,1
CAMPO GRANDCE,0,1,1
CAMPOGRANDE,1,8,9
C AMPO GRANDE,1,0,1
CAMP OGRANDE,0,1,1
CAMPO GRANDE,16,27,44
CAMPO GRAN DE,0,2,2
CAMPO GRANDE3,1,0,1
CAMPO GRANDE4,1,0,1
CAMPO GRANDE BECO,0,1,1
CAMPO GRANDEQ,1,4,5
CAMPO GRANDE RJ,1,0,1
CAMPO GRANDE RUA,0,1,1
CAMPO GRANDW,0,1,1
CAMPO GRANE,2,2,4
CAMPO GRANFDE,0,1,1
CAMPO GRANGE,0,1,1
CAMPO GRANNDE,1,1,2
CAMPO GRAQNDE,0,1,1
CAMPO GREANDE,0,2,2
CAMPO GRNADE,3,2,5
CAMPO GRNDE,1,10,11
CAMPO GTANDE,0,1,1
CAMPO GTRANDE,0,1,1
CAMPO GTRANMDE,0,1,1
CAMPOI GRANDE,0,2,2
CAMPO MGRANDE,1,0,1
CAMPOM GRANDE,0,2,2
CAMPO NGRANDE,0,1,1
CAMPONHO,1,0,1
CAMPOO GRANDE,0,2,2
CAMPOP GRANDE,0,2,2
CAMPO RANDE,2,0,2
CAMPOS DOS AFONSOS,0,1,1
CAMPOS GRANDE,1,0,1
CAMPP GRANDE,1,0,1
CAMPPO GRANDE,1,3,4
CANCELA PRETA,0,3,3
CANDIDO MAGALHAES,0,3,3
CANMPO GRANDE,0,1,1
CANORIM,1,0,1
CANPO GRANDE,1,1,2
CANTAGALO,1,0,1
CAOSMOS,0,1,1
CAPINHO,0,1,1
CAPOEIRA GRANDE,0,1,1
CAPO GRANDE,1,3,4
CARDOVIL,1,0,1
CARIOCA,2,1,3
CARLOS ALBERTO ALVES MARTINS,0,1,1
CARU,1,0,1
CAS,0,2,2
CASA,1,1,2
CASACADURA,0,1,1
CASACDURA,0,4,4
CASADURA,1,0,1
CASCADRURA,0,1,1
CASCADURA,1,2,4
CASCADURA Q,0,1,1
CASCARURA,0,1,1
CASCAURA,0,1,1
CASCDAURA,0,1,1
CASCDURA,1,1,2
CASMPO GRANDE,0,3,3
CASTA BARROS,1,0,1
CASTELO,0,1,1
CATET,0,2,2
CATETE,619,625,1
CATIA DOS SANTOS FERREIRA,0,1,1
CATIRI,1,8,9
CATUMBI,1,1,2
CATUMNI,0,1,1
CAVACANTI,0,1,1
CAVALACANTE,0,1,1
CAVALCANTE,17,38,55
CAVALCANTI,817,1,2
CAVALCATE,0,1,1
CAVALCATI,0,1,1
CAVALVANTI,0,3,3
CAVANCANTI,1,0,1
CAVLACANTI,1,1,2
CCAMPO GRANDE,0,1,1
CCASCADURA,0,1,1
CCENTRO,0,1,1
CCOMPLEXO DO ALEMAO,0,1,1
CCOSTA BARROS,0,1,1
CDADE DE DEUS,0,1,1
CDD,1,1,2
CE,0,1,1
CEN,0,2,2
CENMTRO,0,1,1
CENRO,0,2,2
CENTEO,1,1,2
CENTR,0,1,1
CENTRAL,0,3,3
CENTRO,2,6,9
CE NTRO,0,2,2
CENTRO 1,0,1,1
CENTROCENTRO,0,1,1
CENTRO DA CIDADE,0,2,2
CENTRO N,3,14,17
CENTRO Q,0,1,1
CENTRP,1,0,1
CENTYRO,0,1,1
CESARAO,3,5,8
CESARI ODE MELO,0,1,1
CETRO,1,1,2
CEWNTRO,0,1,1
CHACARA DO CEU,3,6,9
CHAPADAO,0,1,1
CHARACA DO CEU,0,2,2
CI,2,0,2
CIADADE DE DEUS,1,1,2
CIADE DE DEUS,0,1,1
CICADE DE DEUS,1,0,1
CIDA,0,1,1
CIDADADE DE DEUS,0,1,1
CIDADA DE DEUS,3,1,4
CIDADE,3,1,4
CIDADE ALTA,1,0,1
CIDADE D DEUS,1,0,1
CIDADE DE,0,1,1
CIDADE DE CIDADE,0,1,1
CIDADE DE DE,0,1,1
CIDADE DE DE DEUS,3,8,11
CIDADE DE DEIS,1,0,1
CIDADE DE DESU,0,4,4
CIDADE DE DEU,0,1,1
CIDADE DE DEUS,5,11,16
CIDADE DE DEUS3,0,1,1
CIDADE DE DEUS RUA,1,0,1
CIDADE DE E DEUS,0,1,1
CIDA DE DEUS,1,2,3
CIDADE DEUS,0,1,1
CIDADE DEUS FERREIRA,0,1,1
CIDADE INDUSTRIAL,1,0,1
CIDADE NOVA,449,502,951
CIDADES DE DEUS,0,1,1
CIDADE UNIVERCITARIA,0,1,1
CIDADE UNIVERSITARIA,543,167,710
CIDADE UNIVESITARIA,1,1,2
CIDAE DE DEUS,1,1,2
CIDAE NOVA,1,0,1
CIOSTA BARROS,0,1,1
CIRICICA,0,1,1
CIVENTE DE CARVALHO,0,1,1
CLEGIO,0,1,1
CMPLEXO DO ALEMAO,0,1,1
CMPO GRANDE,2,3,5
CNTRO,1,0,1
COAPCABANA,0,1,1
COCOTA,341,265,606
CODADE DE DEUS,0,1,1
COELGIO,0,3,3
COELH0 NETO,0,1,1
COELHO,1,0,1
COELHO NET0,0,1,1
COELHO NETO,2,3,5
COELHO N ETO,0,1,1
COELHO NETO FAZENDA BOTAFOGO,1,0,1
COELHOP NETO,0,3,3
COELJHO NETO,0,1,1
COHAB,1,0,1
COLEGIO,1,2,4
COLEGIOI,1,1,2
COLEHO NET0,0,1,1
COLEHO NETO,0,1,1
COLETIVO,0,1,1
COLGIO,1,0,1
COLHO NETO,1,1,2
COLOGIO,0,1,1
COLONIA,4,14,18
COLONIA JACAREPAGUA,0,1,1
COLONIA JULIANO MOREIRA,1,0,1
COMLEXO DO ALEMAO,1,1,2
COMOLEXO DO ALEMAO,1,0,1
COMOS,1,2,3
COMPELXO DO ALEMAO,0,1,1
COMPEXO DO ALEMAO,5,14,19
COMPLEXO ALEMAO,6,8,14
COMPLEXO D ALEMAO,0,2,2
COMPLEXO DA MARE,1,4,5
COMPLEXO DA PENHA,8,9,17
COMPLEXO DE ALEMAO,6,17,23
COMPLEXO DO ALEMAO,7,13,20
COMPLEXO DO ALEMAO GROTA,1,0,1
COMPLEXO DO ALEMAOO,0,1,1
COMPLEXO DO ALEMAORUA,4,13,17
COMPLEXO DO ALEMAOTR,0,1,1
COMPLEXO DO ALEMNAO,0,1,1
COMPLEXO DO ALEMO,2,7,9
COMPLEXO DO CAMPINHO,0,1,1
COMPLEXO DO MEIO,0,1,1
COMPLEXON DO ALEMAO,0,1,1
COMPLEXO O ALEMAO,0,1,1
COMPLXO DO ALEMAO,1,0,1
COMUNIDADE DO BOREL,0,1,1
CONJUNTO,0,1,1
CONJUNTO MIGUEL SALAZAR,1,0,1
COOLEGIO,0,1,1
COOMPLEXO DO ALEMAO,5,23,28
COOSMOS,1,0,1
COPABACANA,0,1,1
COPACAABAN,0,1,1
COPACAABANA,1,0,1
COPACABA,1,0,1
COPACABAANA,1,1,2
COPACABABA,1,0,1
COPACABABNA,1,0,1
COPACABANA,3,2,6
COPACABANA R,0,1,1
COPACABNA,1,0,1
COPACAVABA,1,0,1
COPACBAANA,1,0,1
COPACBANA,1,0,1
COPAQQCABANA,0,1,1
COPCABANA,3,2,5
COPLEXO DO ALEMAO,1,0,1
COPPACABANA,2,0,2
COR,0,1,1
CORD,0,1,1
CORDIVIL,0,1,1
CORDOVIL,2,4,6
CORDOVILRUA,0,1,1
CORDOVL,0,1,1
CORDOVOL,1,0,1
COROADO,1,0,1
COROVIL,1,7,8
COSA BARROS,0,1,1
COSM0,0,1,1
COSME VELHO,265,497,762
COSMO,17,27,44
COSMOS,5,8,14
C OSMOS,0,1,1
COSMOS 1,1,0,1
COSMOSQ,1,0,1
COSMS,1,0,1
COSMSO,2,0,2
COSNIS,0,1,1
COSTA,1,3,4
COSTA ABRROS,0,1,1
COSTA ARROS,0,1,1
COSTA BAARROS,0,1,1
COSTA BAROOS,1,1,2
COSTA BAROS,3,1,4
COSTA BARRAOS,0,1,1
COSTA BARRO,2,1,3
COSTA BARROD,1,0,1
COSTABARROS,1,2,3
COSTA BARROS,3,7,10
COSTA BARROSBECO,0,1,1
COSTA BARRPS,1,0,1
COSTA BARRROS,1,1,2
COSTA BASTOS,0,2,2
COSTA BRARROS,0,1,1
COSTA BRROS,0,1,1
COSTA BSRROS,0,1,1
COSTAS BARROS,1,3,4
COST BARROS,0,1,1
COTA BARROS,1,1,2
CPACABANA,1,0,1
CRICICA,0,1,1
CS 2,0,1,1
CSCADURA,1,0,1
CSOTA BARROS,1,2,3
CSTA BARROS,1,0,1
CUR,0,1,1
CURCICA,5,9,14
CURI,0,1,1
CURICA,2,0,2
CURICCA,1,0,1
CURICIA,4,3,7
CURICIACA,1,0,1
CURICICA,3,5,9
CURICICA JACAREPAGUA,1,1,2
CURICICA TAQUARA,1,0,1
CURIICA,0,1,1
CURIR,0,1,1
CURIRICA,2,0,2
CURUCICA,1,2,3
CURUMAU,0,1,1
CVALCANTE,1,0,1
CWNTRO,0,1,1
CXAMPO GRANDE,0,3,3
CXURICICA,0,1,1
DAMIANA RODRIGUES DA SILVA,0,1,1
DDEL CASTILHO,0,1,1
DEDODRO,0,1,1
DEDORO,3,0,3
DEL CASTILHIO,0,1,1
DEL CASTILHO,903,1,2
DEL CASTILJO,0,1,1
DEL CASTLHO,0,1,1
DEL CATILHO,0,1,1
DEL CSTILHO,0,1,1
DENDE,0,1,1
DEOD0RO,0,1,1
DEODEORO,0,1,1
DEODODRO,0,1,1
DEODOR,0,2,2
DEODORA,0,1,1
DEODORO,603,1,1
DEODOROGUADALUPE,1,0,1
DEODRO,3,1,4
DEOODRO,1,0,1
DEOORO,1,0,1
DE VASCONCELOS,0,1,1
DOIS DE MAIO,0,1,1
DOIS IRMAOS,0,1,1
DRENO,0,1,1
Localidade nÃ£o preenchida,0,1,1
EDADE,0,1,1
EIO COMPRIDO,0,1,1
ELIZABETE REIS OLIVEIRA,0,1,1
EMGENHEIRO LEAL,0,1,1
EMGENHO DE DENTRO,0,1,1
ENADOR CAMARA,0,1,1
ENCANT,0,1,1
ENCANTA,1,1,2
ENCANTADA,1,0,1
ENCANTADO,719,1,2
ENCANTADOI,0,1,1
ENCANTANDO,0,1,1
ENCONTRO,0,1,1
ENEGENHEIRO LEAL,0,1,1
ENEGENHO DA RAINHA,1,0,1
ENEGENHO NOVO,1,0,1
ENEGNHO NOVO,1,0,1
ENENHO NOVO,0,1,1
ENG,0,1,1
ENG DA RAINHA,0,1,1
ENGE,1,0,1
ENGEHO DA RAINHA,1,0,1
ENGEHO DE DENTRO,0,1,1
ENGEHO NOVO,0,1,1
ENGEMNHEIRO LEAL,0,1,1
ENGENEHIRO LEAL,0,5,5
ENGENGO DA RAINHA,1,1,2
ENGENH,0,2,2
ENGENH DE DENTRO,0,1,1
ENGENHEIO LEAL,0,1,1
ENGENHEIRO LEAL,370,627,997
ENGENHEIRO LEL,1,0,1
ENGENHERIO LEAL,0,1,1
ENGENHO,0,8,8
ENGENHO A RAINHA,0,1,1
ENGENHO D,0,1,1
ENGENHO DA DE DENTRO,0,1,1
ENGENHO DA RAIHA,1,0,1
ENGENHO DA RAINHA,1,2,3
ENGENHO D DENTRO,0,1,1
ENGENHO DE DENRTO,1,0,1
ENGENHO DE DENTO,0,3,3
ENGENHO DE DENTRO,2,4,7
ENGENHODE DENTRO,0,1,1
ENGENHO DE MDENTRO,0,1,1
ENGENHO DE NOVO,0,1,1
ENGENHO DENTRO,1,1,2
ENGENHO D ENTRO,0,1,1
ENGENHO DFA RAINHA,0,1,1
ENGENHO DO RAINHA,1,2,3
ENGENHOI DA RAINHA,0,1,1
ENGENHO NOCO,1,0,1
ENGENHO NOIVO,1,0,1
ENGEN HO NOVO,0,1,1
ENGENHO NOVO,2,4,6
ENGENHO RAINHA,2,1,3
ENGENHO VONO,0,2,2
ENGENJHO DA RAINHA,1,0,1
ENGEN NOVO,0,1,1
ENGENO NOVO,0,1,1
ENGNEH0 NOVO,0,1,1
ENGNEHO DE DENTRO,0,1,1
ENGNHO NOVO,0,2,2
ENHENHO NOVO,1,1,2
ENHGENHO NOVO,0,1,1
ENNGENHO DE DENTRO,0,1,1
ENTRO,0,1,1
EN TRO,0,1,1
ERENICIA GOMES VITAL,0,1,1
ESTACIO,1,2,3
ESTACUI,1,0,1
ESTRADA,1,7,8
ESTRADA BOUGAINVILLE,1,0,1
ESTRADA DA PEDRA,0,1,1
ESTRADA DAS CANOAS,0,1,1
FALLET,0,2,2
FAZENDA BOTAFOGO,5,2,7
FEREGUESIA JACAREPAGUA,0,1,1
FERNANDA FARIAS LEAL,0,1,1
FFEGUESIA JACAREPAGUA,1,0,1
FLAMENGO,611,390,1
FORMIGA,0,2,2
FRAGUESIA,1,0,1
FRE,1,1,2
FREGUESIA,1,1,2
FREGUESIA DE JACAREPAGUA,2,0,2
FREGUESIA FREGUESIA,1,0,1
FREGUESIA ILHA DO GOVERNADOR,1,0,1
FREGUESIA JACAEPAGUA,0,1,1
FREGUESIA JACARAPAGUA,0,1,1
FREGUESIA JACAREAPAGUA,0,1,1
FREGUESIA JACAREPAGUA,951,904,1
FREGUESIAJPA,1,0,1
FREGUESIA JPA,63,90,153
FREGUESIAS,0,1,1
FREGUESI JACAREPAGUA,0,1,1
FREI CANECA,1,0,1
FREQUESIA,1,2,3
FRGUESIA,1,0,1
FUNDAO,1,0,1
Localidade nÃ£o preenchida,0,2,2
GA,0,1,1
GABINAL,0,1,1
GADERNIA AZUL,0,3,3
GAEAO,0,1,1
GALAEAO,0,2,2
GALEA0,0,1,1
GALEAI,0,1,1
GALEAO,2,2,4
GALEAOP,1,0,1
GALEO,4,6,10
GALEOA,1,1,2
GAMBO,0,1,1
GAMBOA,951,2,3
GAMGOA,0,1,1
GAR,0,1,1
GARATIBA,0,3,3
GARDE,1,5,6
GARDE AZUL,2,0,2
GARDEINA AZUL,0,1,1
GARDEMIA AZUL,3,4,7
GARDENI,0,1,1
GARDENIA,8,11,19
GARDENIAAZUL,1,1,2
GARDENIA AZUL,2,2,4
GARDENI AZUL,3,1,4
GARDENIA ZUL,1,2,3
GARDNEIA AZUL,1,0,1
GAREDENIA AZUL,1,1,2
GAREDNIA AZUL,1,0,1
GARNDENIA AZUL,1,0,1
GAUARTIBA,0,1,1
GAUDALUPE,2,3,5
GAURATIBA,4,0,4
GAVEA,251,192,443
GFUADALUPE,0,1,1
GHUARATIBA,0,1,1
GIADALUPE,0,1,1
GLORIA,434,550,984
GLORIAQ,0,1,1
GOMBOA,1,0,1
GRAJA,1,1,2
GRAJAU,1,1,2
GRAJAUA,0,1,1
GRAJAUQ,1,0,1
GRDENIA AZUL,0,1,1
GRJAU,1,0,1
GRUMARI,7,16,23
GSMBOA,0,1,1
GU,1,1,2
GUA,1,0,1
GUAARATIBA,2,6,8
GUAARTIBA,0,1,1
GUABRATIBA,0,1,1
GUADA,1,3,4
GUADALEPU,1,0,1
GUADALIPE,1,0,1
GUADALPE,0,1,1
GUADALU,0,2,2
GUADALUOE,0,1,1
GUADALUPE,4,5,9
GUADALUPEA,0,1,1
GUADALUPR,0,1,1
GUADALUPWE,0,1,1
GUADAPUPE,0,1,1
GUADAUPE,1,2,3
GUADLUPE,1,2,3
GUAGALUPE,1,0,1
GUAGRATIBA,0,1,1
GUANDU,0,4,4
GUARA,0,2,2
GUARABU,0,1,1
GUARAIBA,0,1,1
GUARASTIBA,0,1,1
GUARAT,1,1,2
GUARATAIBA,3,5,8
GUARATGIBA,1,0,1
GUARATIB,0,2,2
GUARATIBA,9,15,24
GUA RATIBA,0,1,1
GUARA TIBA,0,1,1
GUARATI BA,0,2,2
GUARATIB A,0,1,1
GUARATIBA240354719,1,0,1
GUARATIBAA,0,1,1
GUARATIBAESTR,0,1,1
GUARATIBARU,0,2,2
GUARATIBARUA,2,1,3
GUARATIBBA,0,1,1
GUARATIIBA,2,1,3
GUARATIKBA,1,0,1
GUARATINA,0,2,2
GUARATRIBA,0,1,1
GUARATUBA,1,0,1
GUARDALUPE,1,0,1
GUARDENIA AZUL,0,1,1
GUARQATIBA,0,1,1
GUARTAIBA,1,4,5
GUARTIBA,5,9,14
GUATAIBA,1,0,1
GUATATIBA,1,1,2
GUAVRATIBA,0,1,1
GUBARATIBA,0,1,1
GUDALUPE,2,6,8
GUIADALUPE,1,2,3
GUIARATIBA,1,1,2
GURATIBA,17,23,40
GUSDALUPE,0,1,1
GUSRATIBA,0,1,1
GYADALUPE,0,1,1
GYARATIBA,0,1,1
Localidade nÃ£o preenchida,0,1,1
HGIENOPOLIS,1,0,1
HIENOPOLIS,1,0,1
HIGEINOPOLIS,1,0,1
HIGENOPOLIS,1,0,1
HIGIEMOPOLIS,0,1,1
HIGIENOLPOLIS,0,1,1
HIGIENOPOLIS,917,728,1
HIGIENOPOLS,1,0,1
HIGIENOPPOLIS,1,0,1
HIGIENPOLIS,1,0,1
HIGIRNOPOLIS,0,1,1
HIIENOPOLIS,1,0,1
HOGIENOPOLIS,2,1,3
HOGOENOLOPIS,0,1,1
HONIRIO GURGEL,0,1,1
HONO,1,0,1
HONORIO,0,2,2
HONORIO GRUGEL,0,1,1
HONORIO GUEGEL,0,1,1
HONORIO GUIRGEL,0,3,3
HONORIO GURG,0,1,1
HONORIOGURGEL,2,0,2
HONORIO GURGEL,1,2,4
HONORIO GURGRL,0,1,1
HONORIO GURGUEL,0,2,2
HONORORIO GURGEL,0,1,1
HORNORIO GURGEL,0,1,1
HUMAITA,197,53,250
Localidade nÃ£o preenchida,0,2,2
IHNOAIBA,1,0,1
IHOAIBA,2,0,2
IILHA DO GOVERNADO,1,1,2
IINHOAIBA,1,3,4
IIPANEMA,1,1,2
IIRAJA,1,0,1
ILHA,0,1,1
ILHA DE GUARATIBA,8,5,13
ILHA DE PAQUETA,3,5,8
ILHA DO FUNDAO,0,1,1
ILHA DO GOVERNADO,1,0,1
ILHA DO GOVERNADOR,7,26,33
ILHA DO GOVERNADOR BANCARIOS,1,0,1
IMHAUMA,1,1,2
INAHUMA,0,3,3
INHAHUMA,0,2,2
INHAIBA,1,1,2
INHAIMA,0,1,1
INHAMA,0,1,1
INHAOAIBA,0,1,1
INHAOIAB,0,1,1
INHAOIBA,3,8,11
INHAUMA,1,2,4
INHAUMJA,1,0,1
INHAUMMA,0,1,1
INHJAUMA,0,1,1
INHOA,0,1,1
INHOABA,1,3,4
INHOAI,0,2,2
INHOAIABA,2,2,4
INHOAIBA,4,8,12
IN HOAIBA,1,0,1
INHOAIBAS,0,1,1
INHOAIBBA,0,1,1
INHOAIBEA,0,1,1
INHOAIBS,0,1,1
INHOAINA,0,1,1
INHOI,1,0,1
INHOIABA,5,12,17
INHOIAIBA,0,2,2
INHOIBA,4,14,18
ININHAUMA,1,0,1
INJHAUMA,0,1,1
INJHOAIBA,1,1,2
INNHOIAIBA,1,0,1
INOAIBA,0,2,2
INS DE VASCONCELOS,0,1,1
IOTA,1,1,2
IPANEM,0,1,1
IPANEMA,722,1,1
IPANEMA D,1,0,1
IRA,0,3,3
IRAJ,1,0,1
IRAJA,4,3,8
IRA JA,0,1,1
IRAJAA,0,1,1
IRAJACARI,0,1,1
IRANHANGA,0,1,1
IRJA,1,0,1
IRTA,0,1,1
ISANTA CRUZ,0,1,1
IT,1,0,1
ITA,15,10,25
ITA0,0,1,1
ITAA,1,0,1
ITAIBA,0,1,1
ITAM,1,1,2
ITAMJA,0,1,1
ITAN,1,2,3
ITANA,1,0,1
ITANANHAGA,1,0,1
ITANGANGA,0,1,1
ITANH,3,5,8
ITANHA,5,2,7
ITANHAA,1,0,1
ITANHAGA,7,12,19
ITANHAN,1,5,6
ITANHANA,1,0,1
ITANHANAGA,0,1,1
ITANHANG,0,1,1
ITANHANGA,3,4,7
ITAN HANGA,0,1,1
ITANHANGARU,1,1,2
ITANHANGA RUA,1,2,3
ITANHANGAS,0,1,1
ITANHN,1,1,2
ITANHNAGA,1,5,6
ITANHNGA,0,1,1
ITAQNHA,0,2,2
ITARARE,1,0,1
ITNAHANGA,2,1,3
ITRA,0,1,1
IUNHOAIBA,1,0,1
IVANIL PEREIRA DOS SANTOS,1,0,1
Localidade nÃ£o preenchida,0,1,1
J A,0,2,2
JAACRE,0,2,2
JAARDIM AMERICA,1,0,1
JAAREPAGUA,0,1,1
JABOUR,1,0,1
JACA,1,0,1
JACAARE,1,0,1
JACAEPAGUA,0,1,1
JACAPAGUA,0,1,1
JACAR,1,0,1
JACARAPEGUA,0,2,2
JACARARAPAGUA,0,1,1
JACARE,2,4,7
JACAREAPAGU,0,1,1
JACAREAPAGUA,4,4,8
JACAREAPGUA,1,3,4
JACAREBARROS FILHO,0,1,1
JACAREGUA,1,0,1
JACAREOAGUA,0,1,1
JACAREPA,0,1,1
JACAREPAGA,1,0,1
JACAREPAGAU,2,1,3
JACAREPAGAUA,0,1,1
JACAREPAGIUA,1,0,1
JACAREPAGU,3,1,4
JACAREPAGUA,6,6,12
JACARE PAGUA,0,1,1
JACAREPAGUA CURICICA,1,0,1
JACAREPAGUA FREGUESIA,0,1,1
JACAREPAQUA,1,0,1
JACAREPAUA,1,1,2
JACAREPEGUA,4,1,5
JACAREPGUA,2,2,4
JACAREZIBHO,0,1,1
JACAREZIHO,1,1,2
JACAREZINH,0,1,1
JACAREZINH0,0,1,1
JACAREZINHA,0,1,1
JACAREZINHO,1,2,3
JACAREZINNHO,0,1,1
JACAREZINO,0,1,1
JACAREZNHO,1,0,1
JACAREZXINHO,0,1,1
JACRE,1,0,1
JACREPAGUA,4,7,11
JADIM CARIOCA,0,1,1
JAQCAREPAGUA,1,0,1
JAQUELINE GONALVES DA SILVA,0,1,1
JAQUELINE OLIVEIRA DE SOUZA,0,1,1
JAR,0,1,1
JARDI9M CARIOCA,1,0,1
JARDIM,1,0,1
JARDIM AMERIC,0,1,1
JARDIM AMERICA,2,3,5
JARDIM AMREICA,0,1,1
JARDIM AMRICA,1,0,1
JARDIM ANERICA,1,0,1
JARDIM BANGU,7,22,29
JARDIM BOTANICO,225,131,356
JARDIM BOTANICP,0,1,1
JARDIM CARICA,1,1,2
JARDIM CARIO,1,0,1
JARDIM CARIOA,1,0,1
JARDIM CARIOCA,1,1,3
JARDIM GUANABARA,417,137,554
JARDIM GUARATIBA,1,3,4
JARDIM MAERICA,0,1,1
JARDIM MARAVILHA,2,3,5
JARDIM PALMARES,0,1,1
JARDIM PALMARES PACIENCIA,0,1,1
JARDIM SULACAMP,1,1,2
JARDIM SULACAP,327,265,592
JARDIM SULA CAP,1,0,1
JARDIM VARIOCA,1,0,1
JAREPAGUA,0,1,1
JARIM CARIOCA,1,0,1
JAVATA,0,1,1
JCARE,1,0,1
JCAREPAGUA,1,0,1
JD CARIOCA,0,1,1
JESUITAS,0,2,2
JHARDIM CARIOCA,0,1,1
JOA,4,1,5
JOAO NUNES SALDANHA,0,1,1
JOAO RIBEIRO,0,1,1
JORDAO,0,1,1
JOSE AUGUSTO MARTINS DE OLIVEIRA,0,1,1
JQCQREZINHO,1,0,1
JRDIM AMERICA,1,0,1
JULIANA MOREIRA DA SILVA,1,0,1
JUQUERI,1,0,1
KELSOM PENHA CIRCULAR,0,1,1
KELSON,0,2,2
KOSMOS,1,0,1
LADOA,1,0,1
LAGOA,60,32,92
LAGOA DA BARRA,0,1,1
LAPA,36,73,109
LARANJAIRAS,0,1,1
LARANJEIRA,1,6,7
LARANJEIRAS,549,936,1
LARANJEIREAS,1,0,1
LARGO DO 40 MAGARCA,1,0,1
LARNJEIRAS,0,1,1
LBLON,0,1,1
LEBLON,377,201,578
LEBON,1,0,1
LEME,541,564,1
LEMOS,0,1,1
LIINS DE VASCONCELOS,0,1,1
LINAS DE VASCONCELOS,1,0,1
LINHA VERDE,0,1,1
LINS,5,2,7
LINSA DE VASCONCELOS,0,1,1
LINS DE BVASCONCELOS,0,1,1
LINS DE LINS DE VASCONCELOS,1,0,1
LINS DE VAACONCELOS,0,1,1
LINS DE VACONCELOS,2,16,18
LINS DE VADONCONCELOS,0,1,1
LINS DE VANCOCELOS,0,1,1
LINS DE VANCONCELOS,0,2,2
LINS DE VANSCONCELOS,1,0,1
LINS DE VASCCONCELOS,0,1,1
LINS DE VASCNCELOS,1,1,2
LINS DE VASCOCELOS,3,16,19
LINS DE VASCOCNELOS,1,0,1
LINS DE VASCOELOS,0,1,1
LINS DE VASCONCELLOS,0,1,1
LINS DE VASCONCELO,0,1,1
LINS DEVASCONCELOS,0,6,6
LINS DE VASCONCELOS,2,4,6
LINS DE VASCONCELOSQ,0,1,1
LINS DE VASCONCELS,1,0,1
LINS DE VASCONCELSO,0,1,1
LINS DE VASCONCEOS,0,1,1
LINS DE VASCONCLOS,0,1,1
LINS DE VASCONCOLOS,1,0,1
LINS DE VASCONCONCELOS,0,1,1
LINS DE VASCONELOS,0,1,1
LINS DE VASCONSELOS,1,0,1
LINS DE VASCOVELOS,0,1,1
LINS DE VASNCONCELOS,1,0,1
LINS DE VASOCNCELOS,0,1,1
LINS DE VASONCELOS,4,3,7
LINS DE VASSCONCELOS,1,0,1
LINS DE VSCONCELOS,1,1,2
LINS E VASCONCELOS,0,1,1
LINS VASCONCELLOS,0,1,1
LINS VASCONCELO,0,1,1
LINS VASCONCELOS,2,5,7
LIS DE VASCONCELOS,1,1,2
LIS E VASONCELOS,0,1,1
LISN DE VASCONCELOS,0,1,1
LOTEAMENTO VILA EMILIA,1,0,1
LUCIO FLAVIO DE SOUSA FELISBERTO DE OLIVEIRA,0,1,1
LUIZ OTAVIO DIAS PEREIRA,0,1,1
MA,1,1,2
MABGUEIRA,0,1,1
MACILIO DIAS,0,1,1
MADU,0,1,1
MADUEIRA,5,8,13
MADUEIRA1,0,1,1
MADUEREIRA,0,3,3
MADUIREIRA,1,0,1
MADUREIEA,0,1,1
MADUREIRA,2,5,7
MADURERIA,1,1,2
MADURERIRA,0,1,1
MADUREUARA,0,1,1
MADUREURA,1,0,1
MADURIRA,0,2,2
MADUTEIRA,0,1,1
MAE,1,0,1
MAERE,0,1,1
MAGAHAES BASTOS,2,0,2
MAGALAES BASTOS,0,1,1
MAGALAHES BASTOS,4,9,13
MAGALHAE BASTOS,1,1,2
MAGALHAES,0,1,1
MAGALHAES BASTO,3,1,4
MAGALHAES BASTODS,1,0,1
MAGALH AES BASTOS,0,1,1
MAGALHAES BASTOS,1,2,3
MAGALHAES BATOS,2,0,2
MAGALHAES DE BASTOS,1,3,4
MAGALHAES MALLET,0,1,1
MAGALHAS BASTOS,1,3,4
MAGALHES BASTOS,0,1,1
MAGALHGAES BASTOS,0,1,1
MAGALI,0,1,1
MAGARCA,1,5,6
MAGLHAES BASTOS,0,1,1
MAGUEIRA,0,3,3
MAGUINHOS,3,6,9
MALLET,1,0,1
MAMDUREIRA,0,1,1
MAN1,0,1,1
MANDELA,0,2,2
MANGARATIBA,0,2,2
MANGEIRA,1,0,1
MANGINHOS,0,1,1
MANGUARIBA,1,4,5
MANGUEIRA,2,5,7
MANGUEIR A,0,3,3
MANGUEIRQA,0,1,1
MANGUERA,0,1,1
MANGUERIA,0,5,5
MANGUIEIRA,0,2,2
MANGUIERA,1,0,1
MANGUIHOS,3,0,3
MANGUINHHOS,0,1,1
MANGUINHIOS,1,0,1
MANGUINHO,12,6,18
MANGUINHOA,1,0,1
MANGUINHOD,0,1,1
MANGUINHOIS,1,0,1
MANGUINHOOS,1,0,1
MANGUINHOS,2,4,7
MANGUINHOS CONJUNTO,1,0,1
MANGUNHOS,0,3,3
MANGUNINHOS,1,0,1
MANHGUINHOS,0,1,1
MANQUINHO,0,1,1
MANQUINHOS,1,0,1
MANUINHOS,0,1,1
MAQNGUEIRA,0,2,2
MARA,1,0,1
MARACA,2,0,2
MARACACA,1,0,1
MARACAN,0,1,1
MARACANA,419,196,615
MARAE,1,0,1
MARCANA,0,1,1
MARCEHAL HERMES,0,1,1
MARCELLE CARVALHO RUSSO,0,1,1
MARCHAL HERMES,1,4,5
MARCILIO DIAS,1,1,2
MARE,8,13,22
MARE4,0,1,1
MARE BAIXA,0,1,1
MARE BONSUCESSO,9,5,14
MARECCHAL HERMES,1,0,1
MARECHA,0,1,1
MARECHAEL HERMES,3,1,4
MARECHA HERMES,1,1,2
MARECHAL,1,7,8
MARECHAL DE DEODORO,1,0,1
MARECHAL HEMES,1,1,2
MARECHAL HERES,1,0,1
MARECHAL HERM,0,1,1
MARECHAL HERME,0,1,1
MARECHALHERMES,1,0,1
MARECHAL HERMES,2,2,4
MARECHAL HERMESRUA,0,1,1
MARECHAL HERMESS,0,1,1
MARECHAL HERNES,0,1,1
MARECHAL HERTMES,0,1,1
MARECHL HERMES,0,1,1
MAREE,1,1,2
MAREHAL HERMES,0,1,1
MAREHCAL HERMES,0,1,1
MARE HERMES,1,0,1
MARE MANGUINHOS,1,0,1
MARE NOVA HOLANDA,1,0,1
MARE NOVA HOLANDA BONSUCESSO,0,1,1
MARE PINHEIRO,1,1,2
MARE PISCINAO DE RAMOS,0,1,1
MARER,0,3,3
MARE RAMOS,1,7,8
MARE VILA DO JOAO,3,1,4
MARE VILA DOS PINHEIROS,0,1,1
MARIA DA GRAA,0,1,1
MARIA DA GRACA,270,257,527
MARIA DA GRACAS,0,1,1
MARIA DAS GRACAS,0,1,1
MARIA GRACA,1,2,3
MARIOPOLIS,1,1,2
MARUREIRA,0,1,1
MATE,1,0,1
MATO ALTO,2,0,2
MATRE,0,1,1
MATRIZ,1,0,1
MAUREIRA,0,3,3
MDUREIRA,0,1,1
MEIER,1,1,2
MEIR,1,1,2
MENDANHA,1,0,1
MERE,0,2,2
MGALHAES BASTOS,1,0,1
MICHAEL CARDOSO,1,0,1
MIER,0,1,1
MILENA APARECIDA FABIANA,0,1,1
MJARECHAL HERMES,0,1,1
MMARE,0,1,1
MNAGUEIRA,0,4,4
MONERO,113,54,167
MORRO DA PROVIDENCIA,0,1,1
MORRO DO ADEUS,1,0,1
MQDUREIRA,1,0,1
MRE,1,2,3
MSDUREIRA,0,1,1
MUZEMA,7,4,11
NACIONAL,0,2,2
NADUREIRA,1,2,3
NAGALHAES BASTOS,0,1,1
NIL,0,1,1
NOGUEIRA,0,1,1
NOSSA SENHORA DAS GRACAS,3,3,6
NOVA ALIANCA,0,1,1
NOVA BRASILIA,2,2,4
NOVA HOLANA BONSUCESSO,0,1,1
NOVA HOLANDA,6,16,22
NOVA HOLANDA MARE,0,1,1
NOVA IGUACU,0,1,1
NOVA SEPETIBA,4,5,9
NOVA SEPETIBA 1,0,1,1
NTRO,1,0,1
Localidade nÃ£o preenchida,1,0,1
OLARIA,2,2,4
OLARIIA,0,1,1
OLARIO,0,1,1
OLARIOA,1,0,1
OMPLEXO DO ALEMAO,0,1,1
ONHOAIBA,0,1,1
ORACA SECA,0,1,1
OS,0,1,1
OSMAR MARQUES DOS SANTOS,1,0,1
OS VALDO CRUZ,0,1,1
OSVALDO CRUZ,1,10,11
OSWADO CRUZ,1,0,1
OSWALD CRUZ,1,0,1
OSWALDO,1,1,2
OSWALDO CRU,0,1,1
OSWALDO CRUS,0,1,1
OSWALDO CRUZ,1,1,3
OSWALDO CRUZR,0,1,1
OSWALDO CUZ,0,1,1
OSWALDOMCRUZ,0,1,1
OSWALDP CRUZ,1,0,1
Localidade nÃ£o preenchida,1,4,5
P0ACIENCIA,0,1,1
P0AVUNA,1,0,1
P0RTUGUESA,0,1,1
PA,0,1,1
PAARQUE ANCHIETA,0,1,1
PAAVUNA,1,0,1
PABUNA,0,1,1
PAC,1,1,2
PACA SECA,1,1,2
PACEICNIA,0,1,1
PACEIENCIA,1,0,1
PACEINCIA,4,2,6
PACENCIA,2,3,5
PACI,0,2,2
PACIANCIA,0,1,1
PACIE,0,3,3
PACIECIA,5,8,13
PACIECNIA,0,2,2
PACIEENCIA,0,1,1
PACIEN,0,1,1
PACIENCA,6,2,8
PACIENCAI,0,1,1
PACIENCI,3,2,5
PACIENCIA,8,17,26
PAC IENCIA,1,0,1
PACIE NCIA,1,3,4
PACIENCIAESTRADA,0,1,1
PACIENCIA NOVA JERSEY,0,1,1
PACIENCIAP,0,1,1
PACIENCIARUA,2,8,10
PACIENCIA RUA,0,1,1
PACIENCIASANTA CRUZ,0,1,1
PACIENCOA,0,1,1
PACIENIA,1,3,4
PACIENICA,1,2,3
PACIENTE,1,1,2
PACINCIA,1,10,11
PACINECIA,1,1,2
PACIOENCIA,0,1,1
PADRE,1,8,9
PADRE MGIUEL,0,1,1
PADRE MGUEL,0,1,1
PADRE MIGUEL,4,6,10
PADRE MIGUELR,1,0,1
PADRE MIGUELRU,0,1,1
PADRTE MIGUEL,0,1,1
PAIA DA BANDEIRA,1,0,1
PAICENCIA,0,1,1
PALMA,1,0,1
PALMARES,1,6,7
PAQCIENCIA,0,1,1
PAQUE,0,1,1
PAQUE ANCHIETA,1,0,1
PAQUETA,214,475,689
PAR,1,1,2
PARACA SECA,1,0,1
PARADA,0,1,1
PARADA DA LUCAS,1,0,1
PARADA DE LUCAS,1,2,3
PARADA DE LUCASRUA,0,1,1
PARADA DE LUZ,0,1,1
PARADA LUCAS,1,6,7
PARADAS DE LUCAS,0,5,5
PARDA DE LUCAS,0,4,4
PARE ANCHIETA,1,0,1
PARQU,0,1,1
PARQUE,0,2,2
PARQUE AANCHIETA,0,1,1
PARQUE ALEGRIA,0,1,1
PARQUE ANCHEITA,1,9,10
PARQUEANCHIETA,1,0,1
PARQUE ANCHIETA,1,1,3
PARQUE ANCHIETAR,0,1,1
PARQUE ANCHIETA RUA,0,1,1
PARQUE ANCHIIETA,1,0,1
PARQUE ANCHITA,1,1,2
PARQUE ANCHYIETA,0,1,1
PARQUE ANHIETA,0,1,1
PARQUE COLUMBI,0,1,1
PARQUE COLUMBIA,892,1,2
PARQUE COLUMBUIA,0,1,1
PARQUE COLUMIA,1,1,2
PARQUE DA CIDADE,10,16,26
PARQUE DA COLUMBIA,1,0,1
PARQUEE ANCHIETA,0,1,1
PARQUE EVEREST,0,1,1
PARQUE MARE,0,1,1
PARQUE NCHIETA,1,0,1
PARQUE OSVALDO CRUZ,1,2,3
PARQUE PROLETARIO DA PENHA,0,2,2
PARQUE UNIAO,1,6,7
PARQUQ ANCHIETA,0,1,1
PAULO CESAR SCHULZ DA ROCHA,1,0,1
PAUNA,0,1,1
PAUVNA,1,0,1
PAVUA,1,0,1
PAVUINA,1,0,1
PAVUNA,5,7,12
PAVUN A,0,1,1
PAVUNHA,1,0,1
PCIANECIA,0,1,1
PCIENCIA,1,2,3
PECHICHA,2,1,3
PECHICNHA,1,0,1
PECHINCA,16,25,41
PECHINCHA,1,823,1
PECHINCHA JACAREPAGUA,1,0,1
PECHINCHA JPA,0,2,2
PECHINHCA,0,1,1
PECHUINCHA,2,0,2
PECIENCIA,1,0,1
PEDADE,1,0,1
PEDRA DE GRARATIBA,1,0,1
PEDRA DE GUARA,1,0,1
PEDRA DE GUARAMAR,0,1,1
PEDRA DE GUARATAIBA,2,1,3
PEDRA DEGUARATIBA,1,1,2
PEDRA DE GUARATIBA,1,1,2
PEDRA DE GUARTIBA,4,2,6
PEDRA DE GUAVRATIBA,0,1,1
PEDRA DE GURATIBA,0,3,3
PEDRA GUARATIBA,8,5,13
PEDRA GUARTIBA,0,1,1
PEDREIRA,1,1,2
PELCHINCHA,1,1,2
PENAH,0,1,1
PENCHICA,1,0,1
PENDURA SAIA,0,1,1
PENH,0,1,1
PENHA,4,8,12
PENHA CICULAR,0,1,1
PENHA CIIRCULAR,1,1,2
PENHA CIR,0,1,1
PENHA CIRCILAR,0,2,2
PENHA CIRCLAR,3,4,7
PENHA CIRCUALR,0,1,1
PENHA CIRCULA,0,1,1
PENHA CIRCULAR,2,4,6
PENHA CIRCULAS,0,1,1
PENHA CIRSULAR,0,1,1
PENHA CIRUCLAR,0,1,1
PENHA CRCULAR,1,0,1
PENHA CRICULAR,0,3,3
PENNHA,0,1,1
PEPCHINCHA,0,1,1
PERA DE GUARATIBA,0,1,1
PIALRES,0,2,2
PIDADE,1,1,2
PIE,0,1,1
PIEADDE,1,0,1
PIEADE,0,1,1
PIEDADE,2,4,7
PIEDADE A,1,0,1
PIEDADEE,0,1,1
PIEDADES,0,1,1
PIEDAE,1,5,6
PIEDDAE,1,0,1
PIEDFADE,0,1,1
PILAREES,0,2,2
PILARES,1,2,3
PILRES,1,3,4
PINHEIRO,2,5,7
PINHEIROS,0,1,1
PINTANGUEIRAS,1,1,2
PINTO TELES,0,1,1
PIRAQUE,1,0,1
PISCINAO,0,1,1
PISCINAO RAMOS,0,1,1
PIS DE RAMOS,0,1,1
PITAGUEIRAS,1,0,1
PITANGUEIRA,11,19,30
PITANGUEIRAS,709,719,1
PITANGUEIRASRU,0,1,1
PITANGUERAS,0,1,1
PITANMGUEIRAS,1,0,1
PITANNGUEIRAS,0,1,1
PLARES,0,1,1
PLECHINCHA,1,0,1
PORT,0,2,2
PORTUESA,1,0,1
PORTUGUESA,1,1,2
PORTUGUESAR,1,0,1
POTUGUESA,1,0,1
PQUE COLUMBIA,0,1,1
PRA,4,2,6
PRAA,2,0,2
PRAA DA BANDEIRA,0,1,1
PRACA,1,2,3
PRACA DA,0,1,1
PRACA DA BANDEIRA,397,277,674
PRACA DA BANDERA,1,0,1
PRACA DA BIBLIA,0,1,1
PRACA ONZE,0,2,2
PRACA SEC,1,0,1
PR ACA SECA,0,1,1
PRACA SECA,4,5,9
PRACA SECA MATO ALTO,0,1,1
PRACA SECQA,1,0,1
PRACAS SECA,1,0,1
PRAC SECA,1,1,2
PRAIA DA BANDEIRA,149,71,220
PRAIA DA BANDERIA,1,0,1
PRAIA DE RAMOS,0,1,1
PRAQCA SECA,1,0,1
PRA SECA,1,0,1
PRCA SECA,1,0,1
PROVIDENCIA,0,3,3
PROXIMO,0,1,1
PROXIMOPRO,1,0,1
PSCIENCIA,0,2,2
PTRACA SECA,0,1,1
P U,0,1,1
PVAUNA,0,1,1
QQ,1,0,1
QUARATIBA,0,1,1
QUINLTINO BOCAIUVA,0,1,1
QUINTANILHA,0,1,1
QUINTINHO BOCAIUVA,0,1,1
QUINTINI BOCAIUVA,0,4,4
QUINTINIO BOCAIUVA,0,1,1
QUINTINO,21,63,84
QUINTINO BACAIUVA,0,2,2
QUINTINO BGOCAIUVA,1,0,1
QUINTINO BOCAIUVA,1,1,3
QUINTINO BOCAIVA,4,8,12
QUINTINO BOCAQIUVA,0,1,1
QUINTINO BOCAUIVA,0,2,2
QUINTINO BOLCAIUVA,0,1,1
QUINTINO BOVAIUVA,1,0,1
QUINTINO COCAIUVA,1,0,1
QUINTINO DE BOCAIU,1,0,1
QUINTINO DE BOCAIUVA,2,10,12
QUINTINO GBOCAIUVA,0,1,1
QUINTINO QUINTINO,0,2,2
QUINTUINO BOCAIUVA,0,1,1
QUIONTINO BOCAIUVA,0,1,1
Localidade nÃ£o preenchida,0,1,1
R0CHA,0,2,2
RACHUELO,1,0,1
RAELENGO,0,1,1
RALENGO,1,1,2
RAMO,1,1,2
RAMOP,0,1,1
RAMOS,2,2,4
RA MOS,0,1,1
RAMOS PISCINAO,2,2,4
RAQUEL UNIAO,0,1,1
RE,2,1,3
REA,1,3,4
REAELNGO,0,1,1
REAENGO,2,6,8
REAL,1,1,2
REALAENGO,0,2,2
REALEGO,5,2,7
REALENG0,0,1,1
REALENGO,10,16,26
REALENGO BATAN,0,3,3
REALENGOCENTRO,1,0,1
REALENGOI,1,1,2
REALENGORU,0,1,1
REALENNGO,0,1,1
REALENO,0,1,1
REALIDADE,0,1,1
REALLENGO,0,1,1
REALNGO,1,2,3
REALRNGO,0,1,1
RECREIO,16,39,55
RECREIO DE BANDEIRANTES,1,9,10
RECREIO DO BANDEIRANTES,2,0,2
RECREIO DOS BADEIRANTES,0,1,1
RECREIO DOS BAMNDEIRANTES,0,1,1
RECREIO DOS BANDEIERANTES,2,2,4
RECREIO DOS BANDEIRANENTES,1,0,1
RECREIO DOS BANDEIRANTAES,1,0,1
RECREIO DOS BANDEIRANTE,13,13,26
RECREIO DOS BANDEIRANTES,1,2,4
RECREIO DOS BANDEIRANTESRUA,1,6,7
RECREIO DOS BANDEIRANTRS,0,1,1
RECREIO DOS BANDEIRATES,1,1,2
RECREIO DOS BANDEIRAZNTES,1,0,1
RECREIO DOS BANDEIREANTES,0,1,1
RECREIO DOS BANDERANTES,1,0,1
RECREIO DOS BANDREIRANTGES,0,1,1
RECREO DOS BADEIRANTES,1,0,1
RECRIO DOS BANDEIRANTES,2,1,3
REEALENGO,0,1,1
RELAENGO,0,2,2
RELANEGO,1,3,4
RELENGO,2,7,9
REMOS,1,0,1
RERALENGO,0,1,1
RESLENGO,1,0,1
RIACARDO DE ALBUQUERQUE,0,2,2
RIACHELO,2,1,3
RIACHOELO,0,1,1
RIACHUELEO,1,0,1
RIACHUELO,432,410,842
RIACHULEO,0,1,1
RIBEIRA,87,50,137
RIC,0,1,1
RICADO DE ALBUQUERQUER,0,1,1
RICAR,0,1,1
RICARD,1,0,1
RICARDO,1,7,8
RICARDO ALBIRQUERQUE,1,0,1
RICARDO ALBOQUERQUE,0,2,2
RICARDO ALBUQUERQUE,7,17,24
RICARDO ALBURQUERQUE,0,1,1
RICARDO DE,0,3,3
RICARDO DE AL,1,0,1
RICARDO DE ALBOQUERQUE,1,4,5
RICARDO DE ALBUQERQUE,2,3,5
RICARDO DE ALBUQEUERQUE,0,2,2
RICARDO DE ALBUQUERQ,1,1,2
RICARDO DE ALBUQUERQE,1,2,3
RIC ARDO DE ALBUQUERQUE,1,0,1
RICARDO DE ALBUQUERQUE,1,2,3
RICARDO DE ALBUQUERQUER,1,0,1
RICARDO DE ALBUQUERQUERUA,0,1,1
RICARDO DE ALBUQUERQUE RUA,0,1,1
RICARDO DE ALBUQUERQUUE,0,1,1
RICARDO DE ALBUQUERUE,0,1,1
RICARDO DE ALBUQUERUQE,1,1,2
RICARDO DE ALBUQUERUQUE,0,1,1
RICARDO DE ALBUQUQERQUQE,1,0,1
RICARDO DE ALBUQURQUE,1,0,1
RICARDO DE ALBURQUEQUE,2,1,3
RICARDO DE ALBURQUERQUE,1,2,3
RICARDO DE ALBUUQERQUE,1,1,2
RICARDO DE ALUBUQUERQUE,2,2,4
RICARDO DE ALUQUERQUE,0,1,1
RICARDO DE LABUQUERQUE,0,1,1
RICARDO DEM ALBUQUERQUE,1,0,1
RICARDO DE QALBUQUERQUE,0,1,1
RICARDOM DE ALBUQUERQUE,1,0,1
RICHUAELO,0,1,1
RICHUELO,2,0,2
RICICARDO DE ALBUQUERQUE,0,1,1
RI COMPRIDO,0,1,1
RIIO DAS PEDRAS,0,1,1
RIO,0,1,1
RIOCINHA,1,0,1
RIO CO,1,0,1
RIO COIMPRIDO,1,0,1
RIO COMPRDIO,0,1,1
RIO COMPRDO,0,1,1
RIO COMPREIDO,1,1,2
RIO COMPRI,0,1,1
RIO COMPRIDO,2,3,6
RIO COM PRIDO,0,1,1
RIO COMRIDO,1,0,1
RIO COMRPDIO,0,1,1
RIO COMRPIDO,0,2,2
RIO CUMPRIDO,4,7,11
RIO DA PEDRAS,0,1,1
RIO DAS PDRAS,0,1,1
RIO DAS PEDRAS,135,215,350
RIO DAS PERAS,1,0,1
RIO DE COMPRIDO,0,1,1
RIO DE JANEIRO,119,538,657
RIO DSA PEDRAS,1,0,1
RIOMCOMPRIDO,0,1,1
RIOM DAS PEDRAS,0,1,1
RIO OCMPRIDO,0,1,1
RIO OMPRIDO,0,3,3
RIQCHUELO,0,1,1
RO,0,3,3
RO0CINHA,0,1,1
ROCCINHA,0,1,1
ROCHA,725,1,2
ROCHA EMERGENCIAL,0,1,1
ROCHA MIIRANDA,2,4,6
ROCHA MIRANDA,2,3,6
ROCHA MITRANDA,1,5,6
ROCIANHA,0,3,3
ROCIHA,0,1,1
ROCINH,0,1,1
ROCINHA,4,8,12
ROC INHA,0,1,1
ROCINHA MATINHA DA ROCINHA,0,1,1
ROCINHA TRAVESSA,1,0,1
ROCINHJA,0,1,1
ROCINMHA,0,1,1
ROCINNHA,1,0,1
ROCNHA,1,1,2
RODHA MIRANDA,0,1,1
RODRIGO ROMUALDO DOS SANTOS SILVEIRO,0,1,1
ROICNHA,1,2,3
RUA,33,58,91
RUA CANDIDO MAGALHAES,0,1,1
RUA CHIQUINHA GONZAGA,0,1,1
RUA COMETA 4,1,0,1
RUA COMPRIDO,0,1,1
RUA DIAMANTE DO NORTE,0,1,1
RUA DO BISPO,1,0,1
RUA FERNANDES DA CUNHA,1,0,1
RUA LEOPOLDO BULHOES 700,1,0,1
RUA LIMITES 1468,1,0,1
RUA MOZOLANDIA,1,0,1
RUA PROJETADA A,0,1,1
RUA TRINTA E UM DE JANEIRO N 1,0,1,1
RUA TUPINIQUINS,0,1,1
RUA VIEIRA DE ARAUJO,0,1,1
RUSANTA CRUZ,0,1,1
Localidade nÃ£o preenchida,1,4,5
SA,2,6,8
SA0 CONRADO,0,3,3
SAANTA TERESA,1,0,1
SAANTA TERSA,1,4,5
SAANT CRUZ,0,1,1
SABNTA CRUZ,0,1,1
SABTA CRUZ,0,2,2
SALGGUEIRO,0,1,1
SAMAPAIO,1,0,1
SAMAPIO,2,8,10
SAMPAIIO,0,1,1
SAMPAIO,792,1,2
SAMPAO,0,1,1
SAMPIAO,0,1,1
SAMPIO,1,0,1
SAMTA CRUZ,1,1,2
SAMTISSIMO,1,0,1
SAMYA CRUZ,0,1,1
SAN,0,5,5
SAN6A CRUZ,1,0,1
SANA CRUZ,2,2,4
SANADOR CAMARA,3,2,5
SANADOR VASCONCELOS,1,1,2
SANATA CRUZ,0,3,3
SANATA TERESA,1,0,1
SANAT CRUZ,6,24,30
SANA TERESA,1,0,1
SANAT TERESA,0,1,1
SANISSIMO,0,1,1
SANMTISSIMO,1,1,2
SANNTA CRUZ,1,2,3
SANRA CRUZ,1,0,1
SANT,0,1,1
SANTA,8,31,39
SANTA ACRUZ,0,1,1
SANTA CANDIDA,0,1,1
SANTA CCRUZ,1,0,1
SANTAC CRUZ,1,0,1
SANTA CDRUZ,1,0,1
SANTA CR,0,1,1
SANTA CRAS,1,0,1
SANTA CRAUZ,0,1,1
SANTA CREUZ,0,1,1
SANTA CRIUZ,1,2,3
SANTA CRIZ,2,6,8
SANTA CRRUZ,0,2,2
SANTA CRU,5,2,7
SANTA CRUA,1,6,7
SANTA CRUCRUZ,0,1,1
SANTA CRUIZ,0,3,3
SANTA CRUS,0,1,1
SANTA CRUX,0,1,1
SANTACRUZ,0,2,2
SA NTA CRUZ,0,1,1
SANT ACRUZ,1,4,5
SANTA CRUZ,16,35,52
SANTA C RUZ,2,1,3
SANTA CRU Z,0,1,1
SANTA CRUZ241,0,1,1
SANTA CRUZ AREA NORMAL,0,1,1
SANTA CRUZ B,0,1,1
SANTA CRUZ CESARAO,0,1,1
SANTA CRUZN,0,2,2
SANTA CRUZ OUTROS,0,3,3
SANTA CRUZ RUA,1,0,1
SANTA CRUZS,0,1,1
SANTA CRYUZ,0,2,2
SANTA CRZ,1,3,4
SANTA CRZU,1,0,1
SANTA CURZ,1,0,1
SANTA CUZ,2,18,20
SANTA MARGARIDA,0,2,2
SANTA RUZ,0,1,1
SANTAS CRUZ,2,10,12
SANTA TER4ESA,1,0,1
SANTATERESA,0,1,1
SAN TA TERESA,0,1,1
SANTA TERESA,2,3,5
SANTA TE RESA,1,0,1
SANTA TERESA B,0,4,4
SANTA TERESA R,0,1,1
SANTA TERESA RUA,1,1,2
SANTA TERESAS,0,1,1
SANTA TERESSA,0,1,1
SANTA TEREZA,7,13,20
SANTA TERSA,1,1,2
SANTA TERTESA,0,1,1
SANTA TERZA,1,0,1
SANTA TRERESA,1,1,2
SANTA TRESA,1,2,3
SANTBISSIMO,0,1,1
SANT CRUZ,0,5,5
SANTERESA,0,1,1
SANTE TERESA,1,0,1
SANTI,0,1,1
SANTISIMO,1,4,5
SANTISISMO,4,2,6
SANTISSIMO,3,5,8
SA NTISSIMO,1,0,1
SANTISSI MO,0,1,1
SANTISSIMO9,1,0,1
SANTISSIMO RU,0,1,1
SANTISSIMOSANTISIS,1,0,1
SANTISSIO,0,1,1
SANTISSISMO,1,0,1
SANTISSMO,1,5,6
SANTISSO,2,2,4
SANTISSOM,1,0,1
SANTISSSIMO,0,4,4
SANTO,1,2,3
SANTO AMARO,1,0,1
SANTO CRISTO,931,2,3
SANTO CRISTTO,0,1,1
SANTO SANTOS,0,1,1
SANTOS CRISTO,1,6,7
SANTQ CRUZ,0,1,1
SANTRA CRUZ,1,1,2
SANTSSIMO,0,3,3
SANTZ CRUZ,1,0,1
SAO CARLOS,0,3,3
SAO CONRAD0,0,1,1
SAO CONRADO,192,160,352
SAO CO NRADO,0,1,1
SAO CRISTIOVAO,0,1,1
SAO CRISTOVAAO,0,1,1
SAO CRISTOVAN,1,0,1
SAO CRISTOVAO,2,3,6
SAO CRISTOV AO,0,1,1
SAO CRISTOVAO A,0,1,1
SAO CRISTOVAQO,1,0,1
SAO CRITOVAO,0,3,3
SAO CRSITOVAO,0,1,1
SAO CRSTOVAO,0,1,1
SAO CRTISTOVAO,1,0,1
SAO FRACISCO CHAVIER,0,1,1
SAO FRACISCO XAVIER,0,1,1
SAO FRANCICO XAVIER,0,2,2
SAO FRANCIDCO XAVIER,1,0,1
SAO FRANCISCO,0,1,1
SAO FRANCISCO JOBIM,1,0,1
SAO FRANCISCO XAVIER,308,412,720
SAO FRANCSICO XAVIER,1,0,1
SAO FRANSCISCO XAVIER,1,0,1
SAO FRNCISCO XAVIER,1,2,3
SAO JOAO DE MERITI,1,0,1
SAO JOSE OPERARIO,1,0,1
SAPAIO,1,0,1
SAQBTA CRUZ,0,1,1
SATACRUZ,0,1,1
SATA CRUZ,1,5,6
SATANT CRUZ,0,1,1
SATA TERESA,0,1,1
SATISSIMO,3,2,5
SAUDE,159,392,551
SAUDO,0,1,1
SDENADOR VASCONCELOS,0,1,1
SE,0,1,1
SE3NADOR CAMARA,0,1,1
SE3PETIBA,1,0,1
SE4NADOR CAMARA,0,1,1
SEANDOR CAMARA,0,1,1
SEENADOR VASCONCELOS,0,1,1
SEEPTIBA,2,4,6
SEETIBA,1,2,3
SEMADOR CAMARA,1,0,1
SENA,1,1,2
SENAADOR CAMARA,0,1,1
SENA CAMARA,0,1,1
SENADO CAMARA,1,3,4
SENADOE CAMARA,0,1,1
SENADOR,2,5,7
SENADOR AUGUSTO VASCONCELOS,0,3,3
SENADOR CAAMARA,1,0,1
SENADOR CAARA,1,0,1
SENADOR CAMAAR,1,0,1
SENADOR CAMAR,3,7,10
SENADORCAMARA,0,1,1
SEN ADOR CAMARA,0,3,3
SENADOR CAMARA,7,11,19
SENADOR CAM ARA,0,1,1
SENADOR CAMARAR,0,1,1
SENADOR CAMRA,1,4,5
SENADOR DE VASCONCELOS,2,0,2
SENADOR VACONCELOS,1,4,5
SENADOR VASACONCELOS,1,0,1
SENADOR VASCOCELOS,0,3,3
SENADOR VASCOCNELOS,4,5,9
SENADOR VASCONCEL0S,0,1,1
SENADOR VASCONCELLOS,0,2,2
SENADOR VASCONCELO,0,1,1
SENADOR VASCONCELO9S,0,1,1
SENADOR VASCONCELOS,1,2,4
SENADOR V ASCONCELOS,1,0,1
SENADOR VASCON CELOS,0,1,1
SENADOR VASCONCELOS RJ,0,1,1
SENADOR VASCONCELSO,0,1,1
SENADOR VASCONCEOS,0,1,1
SENADOR VASCONCLOS,1,0,1
SENADOR VASCONELOS,0,2,2
SENADOR VASENCELOS,1,0,1
SENADOR VASONCELOS,0,2,2
SENADOS VASCONCELOS,0,1,1
SENADRO VASCONCELOS,0,3,3
SENANDOR CAMARA,0,1,1
SENANDOR VACCONCELOS,0,1,1
SENANDOR VASCONCELOS,0,2,2
SENAOR CAMARA,2,0,2
SENARDOR CAMARA,0,1,1
SENASOR CAMARA,0,1,1
SENDOR CAMARA,1,2,3
SENDOR VASCONCELOS,0,2,2
SENHADOR CAMARA,1,0,1
SENNADOR CAMARA,0,1,1
SEN VASCONCELOS,1,1,2
SEPE,2,0,2
SEPEIBA,0,1,1
SEPEITBA,0,1,1
SEPEPTIBA,1,0,1
SEPETBA,0,2,2
SEPETIA,0,3,3
SEPETIB,0,2,2
SEPETIBA,4,12,16
SEPETIBAQ,0,2,2
SEPETIBA RUA,0,1,1
SEPETIBASEPET,0,1,1
SEPITIBA,1,0,1
SEPTIBA,1,8,9
SERNADOR CAMARA,0,1,1
SITIO,0,1,1
SMPAIO,0,1,1
SNADOR CAMARA,1,0,1
SNADOR VASCONCELOS,0,1,1
SNATA CRUZ,1,1,2
SNATISSIMO,0,2,2
SNEDOR CAMARA,0,1,1
SNTA CRUZ,1,3,4
SNTISSIMO,0,4,4
SOBRADO,0,1,1
SOSSEGO,0,1,1
SPEETIBA,0,1,1
SPETIBA,0,3,3
SSANTA TERESA,1,1,2
STA CRUZ,0,1,1
SUADE,0,1,1
SULACAP,9,7,16
SWANTA CRUZ,0,1,1
SZANTA TERESA,0,1,1
Localidade nÃ£o preenchida,5,11,16
TA,0,2,2
TAMQUE,0,1,1
TAN,0,1,1
TANQUE,2,3,5
TANQUE JACAREPAGUA,1,0,1
TANQUIE,0,1,1
TAQ,1,0,1
TAQIUARA,1,0,1
TAQNUE,0,1,1
TAQU,2,0,2
TAQUA,1,0,1
TAQUAR,1,0,1
TAQUARA,6,6,13
TAQUARA COLONIA,0,1,1
TAQUARA IPADU,1,0,1
TAQUARA JACAREGUA,3,0,3
TAQUARA JACAREPAQUA,0,1,1
TAQUARAQ,1,0,1
TAQUERA,1,0,1
TAQURA,3,4,7
TAU,0,2,2
TAUA,1,2,3
TAUQARA,1,0,1
TEIXEIRA,0,1,1
TERRA ENCANTADA,1,0,1
TERRIO,0,1,1
THOMAS COELHO,1,6,7
THOMAZ COELHO,0,1,1
TI,0,1,1
TIJCUA,0,1,1
TIJUCA,4,3,8
TIJUCAQ,1,0,1
TIJUCS,1,0,1
TIJUQUINHA,0,3,3
TIJUYCA,0,1,1
TIMAS COELHO,0,1,1
TIMBAU,0,1,1
TIROL,3,0,3
TIUCA,2,0,2
TIUJCA,0,1,1
TODOS DOS SANTOS,0,1,1
TODOS OS SANTOS,432,476,908
TODOS SANTOS,1,1,2
TODOS SO SANTOS,0,1,1
TODOS SOS SANTOS,0,1,1
TOM,0,1,1
TOMA,1,0,1
TOMAS,1,0,1
TOMAS COE,0,1,1
TOMAS COEL,0,1,1
TOMAS COELHO,1,2,3
TOMAS COELHPO,0,2,2
TOMAS COLEHO,2,3,5
TOMAZ COELHO,1,3,4
TRAVESSA,0,2,2
TRIAGEM,0,4,4
TRUACU,0,1,1
TUA,0,1,1
TUBIACANGA,6,5,11
TUIUTI,0,3,3
TURACU,0,1,1
TURANO,0,1,1
TURIA,0,2,2
TURIACU,816,1,2
TURIACUA,1,0,1
TURIAU,1,0,1
TURICU,0,2,2
UADALUPE,1,0,1
UITANHA,1,0,1
UJARDIM SULACAP,1,0,1
URCA,106,41,147
URU,0,1,1
URUCANIA,0,2,2
USINA,1,0,1
VAGEM GRANDE,1,1,2
VALQUEIRE,1,1,2
VAQRGEM GRANDE,0,1,1
VAR,1,0,1
VAREGM PEQUENA,1,1,2
VARGEM GANDE,0,1,1
VARGEM GARNDE,0,3,3
VARGEM GRADE,1,0,1
VARGEM GRAND,0,1,1
VARGEM GRANDE,1,1,2
VARGEM GRANDEES,0,1,1
VARGEM GRANHDE,1,0,1
VARGEM PEQUEMA,1,0,1
VARGEMPEQUENA,0,1,1
V ARGEM PEQUENA,1,2,3
VARGEM PEQUENA,1,3,5
VARGEM PEQUEN A,0,1,1
VARGEM PEQUENAAVE,1,0,1
VARGEM PEQUNA,1,1,2
VARGEM PEQURENA,0,1,1
VARGE PEQUENA,1,0,1
VAS,0,1,1
VASCO DA GAMA,938,1,2
VASCONCELOS,0,1,1
VAZ BOBO,0,1,1
VAZL LOBO,0,1,1
VAZ LOB,0,1,1
VAZLOBO,1,1,2
VA Z LOBO,1,1,2
VAZ LOBO,773,1,2
VAZ LOBO 1,0,1,1
VAZ OBO,0,1,1
VENDA DE VARANDA,1,1,2
VGARIO GERAL,1,0,1
VI,2,2,4
VIA DA PENHA,0,1,1
VIAGARIO GERAL,0,1,1
VIA ISABEL,0,2,2
VIA KENNEDY,1,1,2
VIA KOSMOS,0,1,1
VIAL ISABEL,3,0,3
VICE,0,1,1
VICENTE,2,0,2
VICENTE CARVALHO,10,15,25
VICENTE D CARVALHO,1,0,1
VICENTE DE CAERVALHO,0,1,1
VICENTE DE CARAVLHO,0,1,1
VICENTE DE CARVAHO,1,1,2
VICENTE DE CARVALHO,1,1,3
VICENTE DE C ARVALHO,1,0,1
VICENTE DE CARVALHON,1,0,1
VICENTE DE CARVALO,0,1,1
VICENTE DE CARVLHAO,1,0,1
VICENTE DE CARVLHO,0,1,1
VICENTE DE CRVALHO,1,1,2
VICENTE DER CARVALHO,1,0,1
VICENTE DE VARVALHO,1,0,1
VICNTE DE CARVCALHO,0,1,1
VID8GAL,1,0,1
VIDEIGAL,1,0,1
VIDIAGAL,1,1,2
VIDIGAL,1,1,3
VIDIGAL CHACARA DO CEU,2,0,2
VIDIGL,0,1,1
VIECENTE DE CARVALHO,0,1,1
VIGA,0,1,1
VIGARAL GERAL,0,1,1
VIGARE GERAL,1,0,1
VIGARIA,0,1,1
VIGARIA GERAL,0,2,2
VIGARI GERAL,0,1,1
VIGARIO,0,1,1
VIGARIO4 GERAL,1,0,1
VIGARIO GERAL,2,4,6
VIGARIO GERLA,0,1,1
VIGERAL GERAL,1,0,1
VIGILANTE,1,0,1
VIGRIO GERAL,1,6,7
VIIDGAL,1,1,2
VIIDIGAL,0,1,1
VILA,0,4,4
VILA 4 BLOCO 6 APTO301,1,0,1
VILA ALIANCA,4,20,24
VILA CANOAS,1,4,5
VILA CANOAS SAO CONRADO,0,1,1
VILA CATIRI,0,1,1
VILA COSMO,0,1,1
VILA COSMOS,12,8,20
VILA CRUZEIRO,0,1,1
VILA DA PAZ,0,1,1
VILA DA PEMHA,1,0,1
VILA DA PENA,1,1,2
VILA DA PENHA,814,451,1
VILA DE PENHA,1,0,1
VILA DO JOAO,0,3,3
VILA DO JOAO MARE,0,1,1
VILA DO PINHEIRO,0,4,4
VILA DO PINHEIRO MARE,0,1,1
VILA DOS PINHEIROS,1,4,5
VILA ELDORADO,0,1,1
VILA ENNEDY,0,1,1
VILA ESPENCA,1,0,1
VILA ESPERANCA,0,1,1
VILA ESPERANCA JARDIM AMERICA,0,1,1
VILAGE,0,2,2
VILAGE PAVUNA,1,0,1
VILA IABEL,1,0,1
VILA ISA,1,0,1
VILA ISAB3L,0,1,1
VILA ISABAEL,0,1,1
VILA ISABE,1,0,1
VIL A ISABEL,3,10,13
VILA ISABEL,2,3,6
VILA I SABEL,0,1,1
VILA ISABEWL,1,0,1
VILA ISABL,0,2,2
VILA ISABRL,0,1,1
VILA ISAEBL,0,1,1
VILA ISBAEL,0,1,1
VIL A ISBEL,0,1,1
VILA ISBEL,0,1,1
VILA JOAO,1,0,1
VILA JUREMA,0,1,1
VILA KE,0,1,1
VILA KENEDY,0,4,4
VILA KENENDY,1,1,2
VILA KENNDEDY,0,1,1
VILA KENNDY,0,6,6
VILA KENNED,2,3,5
VILA KENNEDY,2,7,9
VILA KENNEDY BANGU,2,0,2
VILA KENNEDYES,0,1,1
VILA KENNENDY,13,13,26
VILA KENNNEDY,1,2,3
VILA KENNYDI,0,1,1
VILA KKENNEDY,0,1,1
VILA KOMOS,0,1,1
VILA KOSMO,7,6,13
VILA KOSMOS,802,753,1
VILA KRNNEDY,1,0,1
VILA KSOMOS,1,0,1
VILA METRAL,0,1,1
VILA MILITAR,145,219,364
VILA MILLITAR,0,1,1
VILA MLITAR,1,0,1
VILA PA PENHA,0,1,1
VILAR CARIOCA,0,1,1
VILA ROSALI,0,1,1
VILA SAPE,0,1,1
VILA SIABEL,1,0,1
VILAS KOSMOS,1,0,1
VILA VAKQUEIRE,1,0,1
VILA VALQUEIR,1,0,1
VILA VALQUEIRA,0,3,3
VILA VALQUEIRE,1,1,2
VILA VALQUEIRO,1,0,1
VILA VALQUERE,1,0,1
VILA VALQUIERE,1,0,1
VILA VERDE,1,0,1
VILA VINTEM,0,2,2
VILA VLAQUEIRE,1,0,1
VIL ISABEL,1,0,1
VIL KENNEDY,0,1,1
VILLAGE PAVUNA,1,2,3
VILLA KENNEDY,0,3,3
VILLA KOSMO,0,1,1
VILS KOSMOS,0,1,1
VIRGEM PEQUENA,0,1,1
VISA ISABEL,1,0,1
VIS ALEGRE,0,1,1
VISTA ALEGRE,422,286,708
VISTO ALEGRE,1,0,1
VIVENTE DE CARVALHO,1,0,1
VIVIGARIO GERAL,1,4,5
VLA ISABEL,0,1,1
VL VALQUEIRE,1,0,1
VOLA KENNEDY,1,0,1
VOLA KOSMOS,1,0,1
VOZ LOBO,1,0,1
WANIELE SILVA DE OLIVEIRA,0,1,1
WESLEN CLAUDINO DA SILVA,0,1,1
WSSSSSDZX,0,1,1
Localidade nÃ£o preenchida,0,1,1
XAMPO GRANDE,1,0,1
YASMIN MARQUES GUIMARAES,1,0,1
ZONA NORTE,0,1,1
ZUMBI,59,30,89
Localidade nÃ£o preenchida,10,0,10
Total,348,548,896
