Localidade,Quantidade Famílias Sem Registro Civil,Quantidade Famílias Cadastrado,Quantidade Famílias Total
Localidade nÃ£o preenchida,0,34,34
100,0,1,1
10022483705,0,1,1
1073333,0,1,1
11,0,3,3
1221111,0,1,1
1223333,0,2,2
12282218710,0,1,1
13,0,1,1
14,0,1,1
1401111,0,1,1
141,0,1,1
1461111,0,1,1
1482222,0,1,1
1493333,0,1,1
1573695760,0,1,1
17552,0,1,1
18,0,1,1
1CAJU,0,1,1
1IRAJA,0,1,1
1RAMOS,0,1,1
1SANTA CRUZ,0,1,1
1SEPETIBA,0,1,1
Localidade nÃ£o preenchida,0,8,8
21,0,2,2
22,0,2,2
25SANTA TERESA,0,1,1
Localidade nÃ£o preenchida,0,1,1
421111,0,1,1
43111,0,1,1
431111,0,3,3
540670,0,1,1
661111,0,1,1
75275554753,0,1,1
7 DE ABRIL,0,2,2
Localidade nÃ£o preenchida,0,1,1
820210,0,1,1
830230,0,1,1
831111,0,1,1
85,0,1,1
861111,0,3,3
Localidade nÃ£o preenchida,0,1,1
901111,0,1,1
9SEPETIBA,0,2,2
AARI,0,1,1
ABOLICAO,0,781,781
ABOLICO,0,1,1
ABOLIOCAO,0,1,1
ABOOICAO,0,1,1
ACARI,0,5,5
ACARIA,0,1,1
ACARI RUA,0,1,1
ACARU,0,1,1
ACHIETA,0,1,1
AGALHAES BASTOS,0,1,1
AGUA SA,0,1,1
AGUA SANTA,0,744,744
AJU,0,4,4
AL,0,1,1
ALTO,0,1,1
ALTO BOA VISTA,0,4,4
ALTO DA BOAVISTA,0,1,1
ALTO DA BOA VISTA,0,428,428
ALTO DA BOA VISTAQ,0,1,1
AMARELINHO,0,1,1
AMDARAI,0,1,1
AMIL,0,1,1
AN,0,2,2
ANA,0,1,1
ANACHIETA,0,1,1
ANCHEITA,0,5,5
ANCHIETA,0,5,5
ANCHIETE,0,1,1
ANCHIIETA,0,1,1
ANCHITA,0,2,2
ANCIHETA,0,1,1
ANDA,0,1,1
ANDARA,0,1,1
ANDARAI,0,1,1
ANDARAII,0,2,2
ANDRAI,0,1,1
ANDREA FABRICIO DA SILVA,0,1,1
ANDREA MENDES CRUZ,0,1,1
ANHIETA,0,1,1
ANI,0,1,1
ANIL,0,1,1
ANIL JACAREPAGUA,0,1,1
ANL,0,1,1
ANTARES,0,2,2
ANXIETA,0,1,1
ARARA,0,2,2
ARARA BENFICA,0,1,1
AREINHA,0,1,1
ASCARI,0,1,1
ATUBA,0,1,1
AUGUSTO VASCONCELOS,0,5,5
AV,0,1,1
AVENIDA,0,3,3
AVENIDA CIDADE DE DEUS LADO MPAR,0,1,1
BA,0,1,1
BABGU,0,1,1
BAIRRO,0,14,14
BAIRRO CARIOCA,0,5,5
BAIRRO CURICICA,0,1,1
BAIRRO DE FATIMA,0,1,1
BAIRRO INHOAIBA,0,1,1
BAIRRO REALENGO,0,1,1
BAIXA,0,1,1
BAIXA DO SAPATEIRO,0,5,5
BAIXA SAPATEIRO,0,1,1
BAMGU,0,2,2
BANCARIOS,0,708,708
B ANCARIOS,0,1,1
BANGU,0,19,19
BA NGU,0,2,2
BANGU CANCELA PRETA,0,1,1
BANGU CATIRI,0,7,7
BANGUE,0,1,1
BANGUI,0,1,1
BANGU VILA KENNEDY,0,1,1
BANNGU,0,1,1
BANRUA,0,1,1
BANU,0,1,1
BANUGU,0,1,1
BARA DA TIJUCA,0,1,1
BARRA,0,1,1
BARRA DA TIJUCA,0,315,315
BARRA DE GUARATBA,0,1,1
BARRA DE GUARATIBA,0,429,429
BARRA DE GUARTIBA,0,1,1
BARRA DE GURATIBA,0,1,1
BARRA DE TIJUCA,0,3,3
BARRA GUARATIBA,0,1,1
BARR DA TIJUCA,0,1,1
BARREIRA DO VASCO,0,19,19
BARRO FILHO,0,1,1
BARROS DE FILHO,0,1,1
BARROS FIHO,0,2,2
BARROS FILHO,0,1,1
BARROS FILHOA,0,1,1
BARROS FILHOS,0,14,14
BATAM,0,1,1
BATAN,0,5,5
BEBTO RIBEIRO,0,1,1
BECO,0,1,1
BECO COQUERAL,0,1,1
BECO DA AMIZADE,0,1,1
BECO DA GLORIA,0,1,1
BEENFICA,0,1,1
BEIRA RIO,0,1,1
BELA VISTA,0,1,1
BEMFICA,0,1,1
BEN,0,1,1
BENFIC,0,1,1
BENFICA,1,4,4
BENTI RIBEIRO,0,1,1
BENTO RBEIRO,0,1,1
BENTO REBEIRO,0,4,4
BENTO RIBEIRO,0,2,2
BENTO RIBERO,0,4,4
BNAGU,0,2,2
BO,0,1,1
BOATFOGO,0,1,1
BOIUNA,0,2,2
BOMSUCESSO,0,1,1
BONSICESSO,0,2,2
BONSU,0,2,2
BONSUCESO,0,1,1
BONSUCESS0,0,3,3
BONSUCESSO,0,1,1
BONSUCSSO,0,2,2
BORDA DO MATO,0,1,1
BOREL,0,1,1
BOSUCESSO,0,3,3
BOTAFOFO,0,3,3
BOTAFOGO,0,1,1
BOTAFOGOL,0,1,1
BOTOFAGO,0,1,1
BRAS DE,0,1,1
BRAS DE OLIVEIRA,0,1,1
BRAS DE PINA,0,4,4
BRASDE PINA,0,1,1
BRAS DE PINARUA,0,3,3
BRAS DE PNA,0,1,1
BRAS DE PONA,0,1,1
BRAS DRE PINA,0,1,1
BRAS PINA,0,1,1
BRAZ DE PINA,0,56,56
BRS DE PINA,0,1,1
BUNSUCESSO,0,1,1
Localidade nÃ£o preenchida,0,2,2
CA 02,0,1,1
CAAMPO GRANDE,0,1,1
CACADURA,0,1,1
CACAMBI,0,1,1
CACHAMBI,0,1,1
CACHAMI,0,1,1
CACUIA,0,487,487
CAFUNDA,0,1,1
CAHAMBI,0,2,2
CAJU,0,5,5
CAJU7,0,1,1
CAJU PARQUE ALEGRIA,0,1,1
CAKI,0,1,1
CAM,0,1,1
CAMAPO GRANDE,0,1,1
CAMILA PAMELA FRANCISCO DE SOUZA,0,1,1
CAMMPO GRANDE,0,1,1
CAMO,0,1,1
CAMO GRANDE,0,7,7
CAMOP GRANDE,0,1,1
CAMOPO GRANDE,0,1,1
CAMORIM,0,533,533
C AMORIM,0,1,1
CAMP GRANDE,0,7,7
CAMPI GRANDE,0,3,3
CAMPIMHO,0,1,1
CAMPINHO,0,705,705
CAMPNHO,0,1,1
CAMPO,0,2,2
CAMPO DOS AFONSOS,0,9,9
CAMPO GANDE,0,14,14
CAMPO GARANDE,0,1,1
CAMPO GARNDE,0,2,2
CAMPO GRA,0,1,1
CAMPO GRADE,0,6,6
CAMPO GRADNE,0,1,1
CAMPO GRAMDE,0,2,2
CAMPO GRAND,0,1,1
CAMPO GRAND3E,0,1,1
CAMPO GRANDCE,0,1,1
CAMPOGRANDE,0,8,8
CAMP OGRANDE,0,1,1
CAMPO GRANDE,0,28,28
CAMPO GRAN DE,0,2,2
CAMPO GRANDE BECO,0,1,1
CAMPO GRANDEQ,0,4,4
CAMPO GRANDE RUA,0,1,1
CAMPO GRANDW,0,1,1
CAMPO GRANE,0,3,3
CAMPO GRANFDE,0,1,1
CAMPO GRANGE,0,1,1
CAMPO GRANNDE,0,1,1
CAMPO GRAQNDE,0,1,1
CAMPO GREANDE,0,2,2
CAMPO GRNADE,0,2,2
CAMPO GRNDE,0,9,9
CAMPO GTANDE,0,1,1
CAMPO GTRANDE,0,1,1
CAMPO GTRANMDE,0,1,1
CAMPOI GRANDE,0,2,2
CAMPOM GRANDE,0,2,2
CAMPO NGRANDE,0,1,1
CAMPOO GRANDE,0,2,2
CAMPOP GRANDE,0,1,1
CAMPO RANDE,0,1,1
CAMPPO GRANDE,0,3,3
CANCELA PRETA,0,3,3
CANDIDO MAGALHAES,0,3,3
CANMPO GRANDE,0,1,1
CANPO GRANDE,0,1,1
CAOSMOS,0,1,1
CAPINHO,0,1,1
CAPOEIRA GRANDE,0,1,1
CAPO GRANDE,0,2,2
CARIOCA,0,1,1
CARLOS ALBERTO ALVES MARTINS,0,1,1
CAS,0,2,2
CASA,0,1,1
CASACADURA,0,1,1
CASACDURA,0,3,3
CASCADRURA,0,1,1
CASCADURA,0,2,2
CASCADURA Q,0,1,1
CASCARURA,0,1,1
CASCAURA,0,1,1
CASCDAURA,0,1,1
CASCDURA,0,2,2
CASMPO GRANDE,0,3,3
CASTELO,0,1,1
CATET,0,2,2
CATETE,0,663,663
CATIA DOS SANTOS FERREIRA,0,1,1
CATIRI,0,9,9
CATUMBI,0,1,1
CATUMNI,0,1,1
CAVACANTI,0,1,1
CAVALACANTE,0,1,1
CAVALCANTE,0,38,38
CAVALCANTI,0,1,1
CAVALCATE,0,1,1
CAVALCATI,0,1,1
CAVALVANTI,0,2,2
CAVANCANTI,0,1,1
CAVLACANTI,0,1,1
CCAMPO GRANDE,0,1,1
CCASCADURA,0,1,1
CCENTRO,0,1,1
CCOMPLEXO DO ALEMAO,0,1,1
CCOSTA BARROS,0,1,1
CDADE DE DEUS,0,1,1
CDD,0,2,2
CE,0,1,1
CEN,0,2,2
CENMTRO,0,1,1
CENRO,0,2,2
CENTEO,0,1,1
CENTR,0,1,1
CENTRAL,0,3,3
CENTRO,0,6,6
CE NTRO,0,2,2
CENTRO 1,0,1,1
CENTROCENTRO,0,1,1
CENTRO DA CIDADE,0,2,2
CENTRO N,0,13,13
CENTRO Q,0,1,1
CENTYRO,0,1,1
CESARAO,0,4,4
CESARI ODE MELO,0,1,1
CETRO,0,1,1
CEWNTRO,0,1,1
CHACARA DO CEU,0,5,5
CHAPADAO,0,1,1
CHARACA DO CEU,0,2,2
CIADADE DE DEUS,0,1,1
CIADE DE DEUS,0,1,1
CICADE DE DEUS,0,1,1
CIDA,0,1,1
CIDADADE DE DEUS,0,1,1
CIDADA DE DEUS,0,2,2
CIDADE,0,1,1
CIDADE DE,0,1,1
CIDADE DE CIDADE,0,1,1
CIDADE DE DE,0,1,1
CIDADE DE DE DEUS,0,9,9
CIDADE DE DESU,0,3,3
CIDADE DE DEU,0,1,1
CIDADE DE DEUS,0,11,11
CIDADE DE DEUS3,0,1,1
CIDADE DE E DEUS,0,1,1
CIDA DE DEUS,0,2,2
CIDADE DEUS,0,1,1
CIDADE DEUS FERREIRA,0,1,1
CIDADE INDUSTRIAL,0,1,1
CIDADE NOVA,0,487,487
CIDADES DE DEUS,0,1,1
CIDADE UNIVERCITARIA,0,1,1
CIDADE UNIVERSITARIA,0,182,182
CIDADE UNIVESITARIA,0,1,1
CIDAE DE DEUS,0,1,1
CIOSTA BARROS,0,1,1
CIRICICA,0,1,1
CIVENTE DE CARVALHO,0,1,1
CMPLEXO DO ALEMAO,0,1,1
CMPO GRANDE,0,3,3
COAPCABANA,0,1,1
COCOTA,0,252,252
CODADE DE DEUS,0,1,1
COELGIO,0,3,3
COELH0 NETO,0,1,1
COELHO NET0,0,1,1
COELHO NETO,0,3,3
COELHO N ETO,0,1,1
COELHOP NETO,0,3,3
COELJHO NETO,0,1,1
COLEGIO,0,2,2
COLEGIOI,0,1,1
COLEHO NET0,0,1,1
COLEHO NETO,0,1,1
COLETIVO,0,1,1
COLHO NETO,0,1,1
COLOGIO,0,1,1
COLONIA,0,13,13
COLONIA JACAREPAGUA,0,1,1
COMLEXO DO ALEMAO,0,1,1
COMOS,0,2,2
COMPELXO DO ALEMAO,0,1,1
COMPEXO DO ALEMAO,0,14,14
COMPLEXO ALEMAO,0,7,7
COMPLEXO D ALEMAO,0,2,2
COMPLEXO DA MARE,0,4,4
COMPLEXO DA PENHA,0,10,10
COMPLEXO DE ALEMAO,0,19,19
COMPLEXO DO ALEMAO,0,12,12
COMPLEXO DO ALEMAOO,0,1,1
COMPLEXO DO ALEMAORUA,0,10,10
COMPLEXO DO ALEMAOTR,0,1,1
COMPLEXO DO ALEMNAO,0,1,1
COMPLEXO DO ALEMO,0,6,6
COMPLEXO DO CAMPINHO,0,1,1
COMPLEXO DO MEIO,0,1,1
COMPLEXON DO ALEMAO,0,1,1
COMPLEXO O ALEMAO,0,1,1
COMUNIDADE DO BOREL,0,1,1
CONJUNTO,0,1,1
CONJUNTO MIGUEL SALAZAR,0,1,1
COOLEGIO,0,1,1
COOMPLEXO DO ALEMAO,0,19,19
COPABACANA,0,1,1
COPACAABAN,0,1,1
COPACABAANA,0,1,1
COPACABANA,0,2,2
COPACABANA R,0,1,1
COPAQQCABANA,0,1,1
COPCABANA,0,2,2
COPLEXO DO ALEMAO,0,1,1
COR,0,1,1
CORD,0,1,1
CORDIVIL,0,1,1
CORDOVIL,0,4,4
CORDOVILRUA,0,1,1
CORDOVL,0,1,1
CORDOVOL,0,1,1
COROVIL,0,6,6
COSM0,0,1,1
COSME VELHO,0,491,491
COSMO,0,30,30
COSMOS,1,9,9
C OSMOS,0,1,1
COSNIS,0,1,1
COSTA,0,3,3
COSTA ABRROS,0,1,1
COSTA ARROS,0,1,1
COSTA BAARROS,0,1,1
COSTA BAROS,0,1,1
COSTA BARRAOS,0,1,1
COSTABARROS,0,3,3
COSTA BARROS,0,6,6
COSTA BARROSBECO,0,1,1
COSTA BARRROS,0,1,1
COSTA BASTOS,0,2,2
COSTA BRARROS,0,1,1
COSTA BRROS,0,1,1
COSTA BSRROS,0,1,1
COSTAS BARROS,0,3,3
COST BARROS,0,1,1
CRICICA,0,1,1
CS 2,0,1,1
CSOTA BARROS,0,1,1
CURCICA,0,9,9
CURI,0,1,1
CURICA,0,1,1
CURICIA,0,3,3
CURICICA,0,5,5
CURIICA,0,1,1
CURIR,0,1,1
CURIRICA,0,1,1
CURUCICA,0,2,2
CURUMAU,0,1,1
CWNTRO,0,1,1
CXAMPO GRANDE,0,3,3
CXURICICA,0,1,1
DAMIANA RODRIGUES DA SILVA,0,1,1
DDEL CASTILHO,0,1,1
DEDODRO,0,1,1
DEL CASTILHIO,0,1,1
DEL CASTILHO,0,1,1
DEL CASTILJO,0,1,1
DEL CATILHO,0,1,1
DEL CSTILHO,0,1,1
DENDE,0,1,1
DEOD0RO,0,1,1
DEODEORO,0,1,1
DEODODRO,0,1,1
DEODOR,0,2,2
DEODORA,0,1,1
DEODORO,0,1,1
DEODRO,0,2,2
DE VASCONCELOS,0,1,1
DOIS DE MAIO,0,1,1
DRENO,0,1,1
EDADE,0,1,1
EIO COMPRIDO,0,1,1
EMGENHEIRO LEAL,0,1,1
EMGENHO DE DENTRO,0,1,1
ENCANT,0,1,1
ENCANTA,0,1,1
ENCANTADO,0,1,1
ENCANTADOI,0,1,1
ENCANTANDO,0,1,1
ENCONTRO,0,1,1
ENEGENHEIRO LEAL,0,1,1
ENENHO NOVO,0,1,1
ENG,0,1,1
ENG DA RAINHA,0,1,1
ENGEHO DE DENTRO,0,1,1
ENGEHO NOVO,0,1,1
ENGEMNHEIRO LEAL,0,1,1
ENGENEHIRO LEAL,0,5,5
ENGENGO DA RAINHA,0,1,1
ENGENH,0,2,2
ENGENH DE DENTRO,0,1,1
ENGENHEIO LEAL,0,1,1
ENGENHEIRO LEAL,0,624,624
ENGENHERIO LEAL,0,1,1
ENGENHO,0,8,8
ENGENHO A RAINHA,0,1,1
ENGENHO D,0,1,1
ENGENHO DA DE DENTRO,0,1,1
ENGENHO DA RAINHA,0,2,2
ENGENHO D DENTRO,0,1,1
ENGENHO DE DENTO,0,3,3
ENGENHO DE DENTRO,0,5,5
ENGENHO DE MDENTRO,0,1,1
ENGENHO DE NOVO,0,1,1
ENGENHO DENTRO,0,1,1
ENGENHO D ENTRO,0,1,1
ENGENHO DFA RAINHA,0,1,1
ENGENHO DO RAINHA,0,2,2
ENGENHOI DA RAINHA,0,1,1
ENGEN HO NOVO,0,1,1
ENGENHO NOVO,0,4,4
ENGENHO RAINHA,0,1,1
ENGENHO VONO,0,2,2
ENGEN NOVO,0,1,1
ENGENO NOVO,0,1,1
ENGNEH0 NOVO,0,1,1
ENGNEHO DE DENTRO,0,1,1
ENGNHO NOVO,0,2,2
ENHENHO NOVO,0,1,1
ENHGENHO NOVO,0,1,1
ENNGENHO DE DENTRO,0,1,1
ENTRO,0,1,1
EN TRO,0,1,1
ERENICIA GOMES VITAL,0,1,1
ESTACIO,0,2,2
ESTRADA,0,6,6
ESTRADA DA PEDRA,0,1,1
ESTRADA DAS CANOAS,0,1,1
FALLET,0,2,2
FAZENDA BOTAFOGO,0,3,3
FEREGUESIA JACAREPAGUA,0,1,1
FERNANDA FARIAS LEAL,0,1,1
FLAMENGO,0,411,411
FORMIGA,0,2,2
FRE,0,1,1
FREGUESIA,1,1,1
FREGUESIA JACAEPAGUA,0,1,1
FREGUESIA JACARAPAGUA,0,1,1
FREGUESIA JACAREAPAGUA,0,1,1
FREGUESIA JACAREPAGUA,0,936,936
FREGUESIA JPA,0,84,84
FREGUESI JACAREPAGUA,0,1,1
FREQUESIA,0,3,3
Localidade nÃ£o preenchida,0,1,1
GA,0,1,1
GABINAL,0,1,1
GADERNIA AZUL,0,3,3
GALAEAO,0,2,2
GALEA0,0,1,1
GALEAI,0,1,1
GALEAO,0,2,2
GALEO,0,5,5
GALEOA,0,1,1
GAMBO,0,1,1
GAMBOA,0,2,2
GAMGOA,0,1,1
GAR,0,1,1
GARATIBA,0,2,2
GARDE,0,2,2
GARDEMIA AZUL,0,3,3
GARDENI,0,1,1
GARDENIA,0,11,11
GARDENIAAZUL,0,1,1
GARDENIA AZUL,0,2,2
GARDENI AZUL,0,1,1
GARDENIA ZUL,0,2,2
GAUARTIBA,0,1,1
GAUDALUPE,0,3,3
GAVEA,0,205,205
GIADALUPE,0,1,1
GLORIA,0,566,566
GLORIAQ,0,1,1
GRAJA,0,1,1
GRAJAU,0,1,1
GRAJAUA,0,1,1
GRDENIA AZUL,0,1,1
GRUMARI,0,14,14
GSMBOA,0,1,1
GU,0,1,1
GUAARATIBA,0,6,6
GUAARTIBA,0,1,1
GUABRATIBA,0,1,1
GUADA,0,3,3
GUADALPE,0,1,1
GUADALU,0,1,1
GUADALUOE,0,1,1
GUADALUPE,0,5,5
GUADALUPEA,0,1,1
GUADALUPR,0,1,1
GUADALUPWE,0,1,1
GUADAPUPE,0,1,1
GUADAUPE,0,3,3
GUADLUPE,0,1,1
GUAGALUPE,0,1,1
GUAGRATIBA,0,1,1
GUANDU,0,4,4
GUARA,0,2,2
GUARABU,0,1,1
GUARAIBA,0,1,1
GUARASTIBA,0,1,1
GUARAT,0,1,1
GUARATAIBA,0,6,6
GUARATIB,0,1,1
GUARATIBA,0,14,14
GUA RATIBA,0,1,1
GUARA TIBA,0,1,1
GUARATI BA,0,2,2
GUARATIB A,0,1,1
GUARATIBAA,0,1,1
GUARATIBAESTR,0,1,1
GUARATIBARU,0,1,1
GUARATIBARUA,0,2,2
GUARATIBBA,0,1,1
GUARATIIBA,0,2,2
GUARATINA,0,2,2
GUARATRIBA,0,1,1
GUARDENIA AZUL,0,1,1
GUARQATIBA,0,1,1
GUARTAIBA,0,4,4
GUARTIBA,0,8,8
GUATATIBA,0,1,1
GUBARATIBA,0,1,1
GUDALUPE,0,6,6
GUIADALUPE,0,2,2
GUIARATIBA,0,1,1
GURATIBA,0,20,20
GUSDALUPE,0,1,1
GUSRATIBA,0,1,1
GYADALUPE,0,1,1
GYARATIBA,0,1,1
Localidade nÃ£o preenchida,0,1,1
HIGIEMOPOLIS,0,1,1
HIGIENOLPOLIS,0,1,1
HIGIENOPOLIS,0,731,731
HIGIRNOPOLIS,0,1,1
HIIENOPOLIS,0,1,1
HOGIENOPOLIS,0,1,1
HOGOENOLOPIS,0,1,1
HONIRIO GURGEL,0,1,1
HONORIO,0,2,2
HONORIO GRUGEL,0,1,1
HONORIO GUEGEL,0,1,1
HONORIO GUIRGEL,0,3,3
HONORIO GURG,0,1,1
HONORIO GURGEL,0,2,2
HONORIO GURGRL,0,1,1
HONORIO GURGUEL,0,2,2
HONORORIO GURGEL,0,1,1
HORNORIO GURGEL,0,1,1
HUMAITA,0,68,68
Localidade nÃ£o preenchida,0,2,2
IILHA DO GOVERNADO,0,1,1
IINHOAIBA,0,3,3
IIPANEMA,0,1,1
ILHA,0,1,1
ILHA DE GUARATIBA,0,5,5
ILHA DE PAQUETA,0,6,6
ILHA DO FUNDAO,0,1,1
ILHA DO GOVERNADOR,0,28,28
IMHAUMA,0,2,2
INAHUMA,0,3,3
INHAHUMA,0,2,2
INHAIBA,0,1,1
INHAIMA,0,1,1
INHAMA,0,1,1
INHAOAIBA,0,1,1
INHAOIAB,0,1,1
INHAOIBA,0,6,6
INHAUMA,0,2,2
INHAUMMA,0,1,1
INHJAUMA,0,1,1
INHOA,0,1,1
INHOABA,0,3,3
INHOAI,0,2,2
INHOAIABA,0,2,2
INHOAIBA,0,9,9
INHOAIBAS,0,1,1
INHOAIBBA,0,1,1
INHOAIBEA,0,1,1
INHOAIBS,0,1,1
INHOAINA,0,1,1
INHOIABA,0,14,14
INHOIAIBA,0,2,2
INHOIBA,0,13,13
INJHAUMA,0,1,1
INJHOAIBA,0,1,1
INNHOIAIBA,0,1,1
INOAIBA,0,2,2
INS DE VASCONCELOS,0,1,1
IOTA,0,1,1
IPANEM,0,1,1
IPANEMA,0,1,1
IRA,0,2,2
IRAJA,0,3,3
IRAJAA,0,1,1
IRAJACARI,0,1,1
IRANHANGA,0,1,1
IRTA,0,1,1
ISANTA CRUZ,0,1,1
ITA,0,10,10
ITA0,0,1,1
ITAIBA,0,1,1
ITAN,0,2,2
ITANGANGA,0,1,1
ITANH,0,4,4
ITANHA,0,2,2
ITANHAGA,0,11,11
ITANHAN,0,3,3
ITANHANAGA,0,1,1
ITANHANG,0,1,1
ITANHANGA,1,3,3
ITAN HANGA,0,1,1
ITANHANGARU,0,1,1
ITANHANGA RUA,0,1,1
ITANHANGAS,0,1,1
ITANHN,0,1,1
ITANHNAGA,0,4,4
ITAQNHA,0,2,2
ITNAHANGA,0,1,1
Localidade nÃ£o preenchida,0,1,1
J A,0,2,2
JAACRE,0,2,2
JAARDIM AMERICA,0,1,1
JAAREPAGUA,0,1,1
JACAEPAGUA,0,1,1
JACARAPEGUA,0,2,2
JACARE,0,4,4
JACAREAPAGU,0,1,1
JACAREAPAGUA,0,3,3
JACAREAPGUA,0,3,3
JACAREOAGUA,0,1,1
JACAREPA,0,1,1
JACAREPAGAU,0,1,1
JACAREPAGU,0,1,1
JACAREPAGUA,0,5,5
JACARE PAGUA,0,1,1
JACAREPAGUA FREGUESIA,0,1,1
JACAREPAUA,0,1,1
JACAREPEGUA,0,1,1
JACAREPGUA,0,2,2
JACAREZIBHO,0,1,1
JACAREZIHO,0,1,1
JACAREZINH,0,1,1
JACAREZINH0,0,1,1
JACAREZINHO,0,2,2
JACAREZINO,0,1,1
JACAREZXINHO,0,1,1
JACREPAGUA,0,7,7
JADIM CARIOCA,0,1,1
JAQUELINE GONALVES DA SILVA,0,1,1
JAQUELINE OLIVEIRA DE SOUZA,0,1,1
JAR,0,1,1
JARDIM AMERIC,0,1,1
JARDIM AMERICA,0,3,3
JARDIM AMREICA,0,1,1
JARDIM BANGU,0,20,20
JARDIM BOTANICO,0,129,129
JARDIM BOTANICP,0,1,1
JARDIM CARICA,0,1,1
JARDIM CARIOCA,0,1,1
JARDIM GUANABARA,0,145,145
JARDIM GUARATIBA,0,2,2
JARDIM MAERICA,0,1,1
JARDIM MARAVILHA,0,3,3
JARDIM PALMARES,0,1,1
JARDIM PALMARES PACIENCIA,0,1,1
JARDIM SULACAP,0,290,290
JARDIM SULA CAP,0,1,1
JARDIM VARIOCA,0,1,1
JAREPAGUA,0,1,1
JAVATA,0,1,1
JD CARIOCA,0,1,1
JESUITAS,0,2,2
JHARDIM CARIOCA,0,1,1
JOA,0,1,1
JOAO NUNES SALDANHA,0,1,1
JOAO RIBEIRO,0,1,1
JORDAO,0,1,1
JOSE AUGUSTO MARTINS DE OLIVEIRA,0,1,1
KELSOM PENHA CIRCULAR,0,1,1
KELSON,0,2,2
KOSMOS,0,1,1
LAGOA,0,35,35
LAGOA DA BARRA,0,1,1
LAPA,0,79,79
LARANJAIRAS,0,1,1
LARANJEIRA,0,7,7
LARANJEIRAS,0,1,1
LARNJEIRAS,0,1,1
LBLON,0,1,1
LEBLON,0,208,208
LEME,0,558,558
LEMOS,0,1,1
LIINS DE VASCONCELOS,0,1,1
LINHA VERDE,0,1,1
LINS,0,3,3
LINSA DE VASCONCELOS,0,1,1
LINS DE BVASCONCELOS,0,1,1
LINS DE VAACONCELOS,0,1,1
LINS DE VACONCELOS,0,16,16
LINS DE VADONCONCELOS,0,1,1
LINS DE VANCOCELOS,0,1,1
LINS DE VANCONCELOS,0,2,2
LINS DE VASCNCELOS,0,1,1
LINS DE VASCOCELOS,0,17,17
LINS DE VASCOELOS,0,1,1
LINS DE VASCONCELLOS,0,1,1
LINS DE VASCONCELO,0,1,1
LINS DEVASCONCELOS,0,5,5
LINS DE VASCONCELOS,0,4,4
LINS DE VASCONCELOSQ,0,1,1
LINS DE VASCONCELSO,0,1,1
LINS DE VASCONCEOS,0,1,1
LINS DE VASCONCLOS,0,1,1
LINS DE VASCONCONCELOS,0,1,1
LINS DE VASCONELOS,0,1,1
LINS DE VASCOVELOS,0,1,1
LINS DE VASOCNCELOS,0,1,1
LINS DE VASONCELOS,0,3,3
LINS DE VSCONCELOS,0,1,1
LINS E VASCONCELOS,0,1,1
LINS VASCONCELLOS,0,1,1
LINS VASCONCELO,0,1,1
LINS VASCONCELOS,0,6,6
LIS DE VASCONCELOS,0,1,1
LIS E VASONCELOS,0,1,1
LISN DE VASCONCELOS,0,1,1
LOTEAMENTO VILA EMILIA,0,1,1
LUCIO FLAVIO DE SOUSA FELISBERTO DE OLIVEIRA,0,1,1
LUIZ OTAVIO DIAS PEREIRA,0,1,1
MA,0,1,1
MABGUEIRA,0,1,1
MACILIO DIAS,0,1,1
MADU,0,1,1
MADUEIRA,0,10,10
MADUEIRA1,0,1,1
MADUEREIRA,0,3,3
MADUREIEA,0,1,1
MADUREIRA,0,5,5
MADURERIA,0,2,2
MADURERIRA,0,1,1
MADUREURA,0,1,1
MADURIRA,0,2,2
MADUTEIRA,0,1,1
MAGAHAES BASTOS,0,1,1
MAGALAES BASTOS,0,1,1
MAGALAHES BASTOS,0,9,9
MAGALHAE BASTOS,0,1,1
MAGALHAES,0,1,1
MAGALHAES BASTO,0,1,1
MAGALH AES BASTOS,0,1,1
MAGALHAES BASTOS,0,2,2
MAGALHAES DE BASTOS,0,2,2
MAGALHAES MALLET,0,1,1
MAGALHAS BASTOS,0,3,3
MAGALHES BASTOS,0,1,1
MAGALHGAES BASTOS,0,1,1
MAGALI,0,1,1
MAGARCA,0,4,4
MAGLHAES BASTOS,0,1,1
MAGUEIRA,0,3,3
MAGUINHOS,0,6,6
MAMDUREIRA,0,1,1
MAN1,0,1,1
MANDELA,0,2,2
MANGARATIBA,0,2,2
MANGINHOS,0,1,1
MANGUARIBA,0,4,4
MANGUEIRA,0,6,6
MANGUEIR A,0,3,3
MANGUEIRQA,0,1,1
MANGUERA,0,1,1
MANGUERIA,0,5,5
MANGUIEIRA,0,2,2
MANGUIERA,0,1,1
MANGUIHOS,0,1,1
MANGUINHHOS,0,1,1
MANGUINHO,0,5,5
MANGUINHOD,0,1,1
MANGUINHOOS,0,1,1
MANGUINHOS,0,4,4
MANGUNHOS,0,3,3
MANHGUINHOS,0,1,1
MANQUINHO,0,1,1
MANUINHOS,0,1,1
MAQNGUEIRA,0,2,2
MARA,0,1,1
MARACAN,0,1,1
MARACANA,0,206,206
MARAE,0,1,1
MARCEHAL HERMES,0,1,1
MARCELLE CARVALHO RUSSO,0,1,1
MARCHAL HERMES,0,4,4
MARCILIO DIAS,0,1,1
MARE,0,12,12
MARE4,0,1,1
MARE BAIXA,0,1,1
MARE BONSUCESSO,0,5,5
MARECHA,0,1,1
MARECHAEL HERMES,0,1,1
MARECHA HERMES,0,1,1
MARECHAL,0,6,6
MARECHAL HEMES,0,1,1
MARECHAL HERM,0,1,1
MARECHAL HERME,0,1,1
MARECHALHERMES,0,1,1
MARECHAL HERMES,0,2,2
MARECHAL HERMESRUA,0,1,1
MARECHAL HERMESS,0,1,1
MARECHAL HERNES,0,1,1
MARECHAL HERTMES,0,1,1
MARECHL HERMES,0,1,1
MAREE,0,1,1
MAREHAL HERMES,0,1,1
MARE NOVA HOLANDA BONSUCESSO,0,1,1
MARE PISCINAO DE RAMOS,0,1,1
MARER,0,3,3
MARE RAMOS,0,7,7
MARE VILA DO JOAO,0,1,1
MARE VILA DOS PINHEIROS,0,1,1
MARIA DA GRAA,0,1,1
MARIA DA GRACA,0,264,264
MARIA DA GRACAS,0,1,1
MARIA DAS GRACAS,0,1,1
MARIA GRACA,0,2,2
MARIOPOLIS,0,1,1
MARUREIRA,0,1,1
MATRE,0,1,1
MAUREIRA,0,2,2
MDUREIRA,0,1,1
MEIER,0,1,1
MEIR,0,1,1
MERE,0,2,2
MIER,0,1,1
MILENA APARECIDA FABIANA,0,1,1
MJARECHAL HERMES,0,1,1
MNAGUEIRA,0,4,4
MONERO,0,47,47
MORRO DA PROVIDENCIA,0,1,1
MSDUREIRA,0,1,1
MUZEMA,0,2,2
NACIONAL,0,2,2
NADUREIRA,0,3,3
NAGALHAES BASTOS,0,1,1
NIL,0,1,1
NOGUEIRA,0,1,1
NOSSA SENHORA DAS GRACAS,0,3,3
NOVA ALIANCA,0,1,1
NOVA BRASILIA,0,2,2
NOVA HOLANA BONSUCESSO,0,1,1
NOVA HOLANDA,0,17,17
NOVA HOLANDA MARE,0,1,1
NOVA IGUACU,0,1,1
NOVA SEPETIBA,0,7,7
NOVA SEPETIBA 1,0,1,1
OLARIA,0,2,2
OLARIIA,0,1,1
OLARIO,0,1,1
OMPLEXO DO ALEMAO,0,1,1
ONHOAIBA,0,1,1
ORACA SECA,0,1,1
OS,0,1,1
OSMAR MARQUES DOS SANTOS,0,1,1
OS VALDO CRUZ,0,1,1
OSVALDO CRUZ,0,9,9
OSWALDO,0,1,1
OSWALDO CRU,0,1,1
OSWALDO CRUS,0,1,1
OSWALDO CRUZ,0,1,1
OSWALDO CRUZR,0,1,1
OSWALDO CUZ,0,1,1
OSWALDOMCRUZ,0,1,1
Localidade nÃ£o preenchida,0,3,3
P0ACIENCIA,0,1,1
P0RTUGUESA,0,1,1
PA,0,1,1
PAARQUE ANCHIETA,0,1,1
PABUNA,0,1,1
PAC,0,1,1
PACA SECA,0,1,1
PACEICNIA,0,1,1
PACEIENCIA,0,1,1
PACEINCIA,0,2,2
PACENCIA,0,3,3
PACI,0,2,2
PACIANCIA,0,1,1
PACIE,0,3,3
PACIECIA,0,9,9
PACIECNIA,0,2,2
PACIEENCIA,0,1,1
PACIEN,0,1,1
PACIENCA,0,2,2
PACIENCAI,0,1,1
PACIENCI,0,3,3
PACIENCIA,0,18,18
PACIE NCIA,0,3,3
PACIENCIAESTRADA,0,1,1
PACIENCIA NOVA JERSEY,0,1,1
PACIENCIAP,0,1,1
PACIENCIARUA,0,8,8
PACIENCIA RUA,0,1,1
PACIENCIASANTA CRUZ,0,1,1
PACIENCOA,0,1,1
PACIENIA,0,3,3
PACIENICA,0,2,2
PACIENTE,0,1,1
PACINCIA,0,10,10
PACINECIA,0,1,1
PACIOENCIA,0,1,1
PADRE,0,8,8
PADRE MGIUEL,0,1,1
PADRE MGUEL,0,1,1
PADRE MIGUEL,0,6,6
PADRE MIGUELRU,0,1,1
PADRTE MIGUEL,0,1,1
PAICENCIA,0,1,1
PALMARES,0,7,7
PAQUE,0,1,1
PAQUETA,0,479,479
PAR,0,1,1
PARADA,0,1,1
PARADA DE LUCAS,0,2,2
PARADA DE LUCASRUA,0,1,1
PARADA DE LUZ,0,1,1
PARADA LUCAS,0,6,6
PARADAS DE LUCAS,0,5,5
PARDA DE LUCAS,0,4,4
PARQU,0,1,1
PARQUE,0,2,2
PARQUE AANCHIETA,0,1,1
PARQUE ALEGRIA,0,1,1
PARQUE ANCHEITA,0,8,8
PARQUE ANCHIETA,0,1,1
PARQUE ANCHIETAR,0,1,1
PARQUE ANCHITA,0,1,1
PARQUE ANCHYIETA,0,1,1
PARQUE ANHIETA,0,1,1
PARQUE COLUMBI,0,1,1
PARQUE COLUMBIA,0,1,1
PARQUE COLUMBUIA,0,1,1
PARQUE DA CIDADE,0,17,17
PARQUE EVEREST,0,1,1
PARQUE MARE,0,1,1
PARQUE OSVALDO CRUZ,0,2,2
PARQUE PROLETARIO DA PENHA,0,2,2
PARQUE UNIAO,0,6,6
PARQUQ ANCHIETA,0,1,1
PAUNA,0,1,1
PAVUINA,0,1,1
PAVUNA,1,7,7
PAVUN A,0,1,1
PCIANECIA,0,1,1
PCIENCIA,0,3,3
PECHICHA,0,1,1
PECHINCA,0,25,25
PECHINCHA,0,807,807
PECHINCHA JPA,0,2,2
PECHINHCA,0,1,1
PEDRA DE GUARAMAR,0,1,1
PEDRA DE GUARATAIBA,0,2,2
PEDRA DEGUARATIBA,0,1,1
PEDRA DE GUARATIBA,0,1,1
PEDRA DE GUARTIBA,0,2,2
PEDRA DE GURATIBA,0,3,3
PEDRA GUARATIBA,0,4,4
PEDRA GUARTIBA,0,1,1
PEDREIRA,0,2,2
PELCHINCHA,0,2,2
PENAH,0,1,1
PENDURA SAIA,0,1,1
PENH,0,1,1
PENHA,0,8,8
PENHA CICULAR,0,1,1
PENHA CIIRCULAR,0,2,2
PENHA CIR,0,1,1
PENHA CIRCILAR,0,2,2
PENHA CIRCLAR,0,3,3
PENHA CIRCULA,0,1,1
PENHA CIRCULAR,0,4,4
PENHA CIRCULAS,0,1,1
PENHA CIRSULAR,0,1,1
PENHA CIRUCLAR,0,1,1
PENHA CRCULAR,0,1,1
PENHA CRICULAR,0,3,3
PERA DE GUARATIBA,0,1,1
PIALRES,0,2,2
PIDADE,0,1,1
PIE,0,1,1
PIEADE,0,1,1
PIEDADE,0,5,5
PIEDADEE,0,1,1
PIEDADES,0,1,1
PIEDAE,0,6,6
PIEDFADE,0,1,1
PILAREES,0,2,2
PILARES,0,2,2
PILRES,0,3,3
PINHEIRO,0,5,5
PINHEIROS,0,1,1
PINTANGUEIRAS,0,1,1
PINTO TELES,0,1,1
PISCINAO,0,1,1
PISCINAO RAMOS,0,1,1
PIS DE RAMOS,0,1,1
PITANGUEIRA,0,16,16
PITANGUEIRAS,0,615,615
PITANGUEIRASRU,0,1,1
PITANGUERAS,0,1,1
PITANMGUEIRAS,0,1,1
PITANNGUEIRAS,0,1,1
PLARES,0,1,1
PORT,0,2,2
PORTUGUESA,0,857,857
PQUE COLUMBIA,0,1,1
PRA,0,3,3
PRAA DA BANDEIRA,0,1,1
PRACA,0,1,1
PRACA DA BANDEIRA,0,284,284
PRACA DA BIBLIA,0,1,1
PRACA ONZE,0,2,2
PR ACA SECA,0,1,1
PRACA SECA,0,5,5
PRACA SECA MATO ALTO,0,1,1
PRAC SECA,0,1,1
PRAIA DA BANDEIRA,0,66,66
PRAIA DE RAMOS,0,1,1
PRA SECA,0,1,1
PROVIDENCIA,0,3,3
PROXIMO,0,1,1
PSCIENCIA,0,2,2
PTRACA SECA,0,1,1
P U,0,1,1
PVAUNA,0,1,1
QUARATIBA,0,1,1
QUINLTINO BOCAIUVA,0,1,1
QUINTANILHA,0,1,1
QUINTINHO BOCAIUVA,0,1,1
QUINTINI BOCAIUVA,0,4,4
QUINTINIO BOCAIUVA,0,1,1
QUINTINO,0,62,62
QUINTINO BACAIUVA,0,2,2
QUINTINO BOCAIUVA,0,1,1
QUINTINO BOCAIVA,0,8,8
QUINTINO BOCAQIUVA,0,1,1
QUINTINO BOCAUIVA,0,2,2
QUINTINO BOLCAIUVA,0,1,1
QUINTINO BOVAIUVA,0,1,1
QUINTINO DE BOCAIUVA,0,9,9
QUINTINO GBOCAIUVA,0,1,1
QUINTINO QUINTINO,0,2,2
QUINTUINO BOCAIUVA,0,1,1
QUIONTINO BOCAIUVA,0,1,1
Localidade nÃ£o preenchida,0,1,1
R0CHA,0,2,2
RAELENGO,0,1,1
RALENGO,0,1,1
RAMO,0,1,1
RAMOS,0,2,2
RA MOS,0,1,1
RAMOS PISCINAO,0,3,3
RAQUEL UNIAO,0,1,1
RE,0,1,1
REA,0,3,3
REAELNGO,0,1,1
REAENGO,0,5,5
REAL,0,1,1
REALAENGO,0,2,2
REALEGO,0,2,2
REALENG0,0,1,1
REALENGO,0,16,16
REALENGO BATAN,0,3,3
REALENGOCENTRO,0,1,1
REALENGOI,0,1,1
REALENGORU,0,1,1
REALENNGO,0,1,1
REALENO,0,1,1
REALIDADE,0,1,1
REALLENGO,0,1,1
REALNGO,0,2,2
REALRNGO,0,1,1
RECREIO,0,44,44
RECREIO DE BANDEIRANTES,0,9,9
RECREIO DO BANDEIRANTES,0,1,1
RECREIO DOS BADEIRANTES,0,1,1
RECREIO DOS BAMNDEIRANTES,0,1,1
RECREIO DOS BANDEIERANTES,0,1,1
RECREIO DOS BANDEIRANTE,0,11,11
RECREIO DOS BANDEIRANTES,0,2,2
RECREIO DOS BANDEIRANTESRUA,0,6,6
RECREIO DOS BANDEIRANTRS,0,1,1
RECREIO DOS BANDEIRATES,0,1,1
RECREIO DOS BANDEIREANTES,0,1,1
RECREIO DOS BANDREIRANTGES,0,1,1
RECRIO DOS BANDEIRANTES,0,1,1
REEALENGO,0,1,1
RELAENGO,0,2,2
RELANEGO,0,3,3
RELENGO,0,7,7
RERALENGO,0,1,1
RIACARDO DE ALBUQUERQUE,0,2,2
RIACHELO,0,1,1
RIACHOELO,0,1,1
RIACHUELO,0,437,437
RIACHULEO,0,1,1
RIBEIRA,0,43,43
RIC,0,1,1
RICAR,0,1,1
RICARDO,0,6,6
RICARDO ALBOQUERQUE,0,2,2
RICARDO ALBUQUERQUE,0,19,19
RICARDO ALBURQUERQUE,0,1,1
RICARDO DE,0,3,3
RICARDO DE ALBOQUERQUE,0,3,3
RICARDO DE ALBUQERQUE,0,3,3
RICARDO DE ALBUQEUERQUE,0,2,2
RICARDO DE ALBUQUERQ,0,1,1
RICARDO DE ALBUQUERQE,0,1,1
RICARDO DE ALBUQUERQUE,0,2,2
RICARDO DE ALBUQUERQUER,0,1,1
RICARDO DE ALBUQUERQUERUA,0,1,1
RICARDO DE ALBUQUERQUE RUA,0,1,1
RICARDO DE ALBUQUERQUUE,0,1,1
RICARDO DE ALBUQUERUE,0,1,1
RICARDO DE ALBUQUERUQE,0,1,1
RICARDO DE ALBUQUERUQUE,0,1,1
RICARDO DE ALBURQUEQUE,0,1,1
RICARDO DE ALBURQUERQUE,0,2,2
RICARDO DE ALBUUQERQUE,0,1,1
RICARDO DE ALUBUQUERQUE,0,2,2
RICARDO DE ALUQUERQUE,0,1,1
RICARDO DE LABUQUERQUE,0,1,1
RICARDO DE QALBUQUERQUE,0,1,1
RICHUAELO,0,1,1
RICICARDO DE ALBUQUERQUE,0,1,1
RI COMPRIDO,0,1,1
RIO,0,1,1
RIO COMPRDO,0,1,1
RIO COMPREIDO,0,1,1
RIO COMPRI,0,1,1
RIO COMPRIDO,0,3,3
RIO COM PRIDO,0,1,1
RIO COMRPDIO,0,1,1
RIO COMRPIDO,0,2,2
RIO CUMPRIDO,0,8,8
RIO DA PEDRAS,0,1,1
RIO DAS PDRAS,0,1,1
RIO DAS PEDRAS,0,179,179
RIO DE COMPRIDO,0,1,1
RIO DE JANEIRO,0,615,615
RIOMCOMPRIDO,0,1,1
RIOM DAS PEDRAS,0,1,1
RIO OCMPRIDO,0,1,1
RIO OMPRIDO,0,3,3
RIQCHUELO,0,1,1
RO,0,3,3
ROCCINHA,0,1,1
ROCHA,0,1,1
ROCHA MIIRANDA,0,4,4
ROCHA MIRANDA,0,3,3
ROCHA MITRANDA,0,5,5
ROCIANHA,0,3,3
ROCIHA,0,1,1
ROCINH,0,1,1
ROCINHA,0,8,8
ROC INHA,0,1,1
ROCINHA MATINHA DA ROCINHA,0,1,1
ROCINHJA,0,1,1
ROCINMHA,0,1,1
ROCNHA,0,1,1
RODHA MIRANDA,0,1,1
RODRIGO ROMUALDO DOS SANTOS SILVEIRO,0,1,1
ROICNHA,0,2,2
RUA,0,66,66
RUA CANDIDO MAGALHAES,0,1,1
RUA CHIQUINHA GONZAGA,0,1,1
RUA COMETA 4,0,1,1
RUA DIAMANTE DO NORTE,0,1,1
RUA FERNANDES DA CUNHA,0,1,1
RUA PROJETADA A,0,1,1
RUA TRINTA E UM DE JANEIRO N 1,0,1,1
RUA VIEIRA DE ARAUJO,0,1,1
RUSANTA CRUZ,0,1,1
Localidade nÃ£o preenchida,0,4,4
SA,0,5,5
SA0 CONRADO,0,3,3
SAANTA TERSA,0,4,4
SAANT CRUZ,0,1,1
SABNTA CRUZ,0,1,1
SABTA CRUZ,0,2,2
SAMAPIO,0,7,7
SAMPAIIO,0,1,1
SAMPAIO,0,1,1
SAMPAO,0,1,1
SAMPIAO,0,1,1
SAMTA CRUZ,0,2,2
SAMYA CRUZ,0,1,1
SAN,0,5,5
SANA CRUZ,0,2,2
SANADOR CAMARA,0,1,1
SANADOR VASCONCELOS,0,1,1
SANATA CRUZ,0,2,2
SANAT CRUZ,0,23,23
SANAT TERESA,0,1,1
SANISSIMO,0,1,1
SANMTISSIMO,0,1,1
SANNTA CRUZ,0,2,2
SANT,0,1,1
SANTA,0,31,31
SANTA ACRUZ,0,1,1
SANTA CANDIDA,0,1,1
SANTA CR,0,1,1
SANTA CRAUZ,0,1,1
SANTA CREUZ,0,1,1
SANTA CRIUZ,0,2,2
SANTA CRIZ,0,6,6
SANTA CRRUZ,0,2,2
SANTA CRU,0,3,3
SANTA CRUA,0,5,5
SANTA CRUCRUZ,0,1,1
SANTA CRUIZ,0,3,3
SANTA CRUS,0,1,1
SANTA CRUX,0,1,1
SANTACRUZ,0,2,2
SA NTA CRUZ,0,1,1
SANT ACRUZ,0,5,5
SANTA CRUZ,0,36,36
SANTA C RUZ,0,1,1
SANTA CRU Z,0,1,1
SANTA CRUZ241,0,1,1
SANTA CRUZ AREA NORMAL,0,1,1
SANTA CRUZ B,0,1,1
SANTA CRUZ CESARAO,0,1,1
SANTA CRUZN,0,2,2
SANTA CRUZ OUTROS,0,3,3
SANTA CRUZS,0,1,1
SANTA CRYUZ,0,2,2
SANTA CRZ,0,3,3
SANTA CRZU,0,1,1
SANTA CUZ,0,16,16
SANTA MARGARIDA,0,1,1
SANTA RUZ,0,1,1
SANTAS CRUZ,0,11,11
SANTATERESA,0,1,1
SAN TA TERESA,0,1,1
SANTA TERESA,0,3,3
SANTA TERESA B,0,4,4
SANTA TERESA R,0,1,1
SANTA TERESA RUA,0,1,1
SANTA TERESAS,0,1,1
SANTA TERESSA,0,1,1
SANTA TEREZA,0,15,15
SANTA TERSA,0,1,1
SANTA TERTESA,0,1,1
SANTA TRERESA,0,2,2
SANTA TRESA,0,2,2
SANTBISSIMO,0,1,1
SANT CRUZ,0,5,5
SANTERESA,0,1,1
SANTI,0,1,1
SANTISIMO,0,4,4
SANTISISMO,0,2,2
SANTISSIMO,0,5,5
SANTISSI MO,0,1,1
SANTISSIMO9,0,1,1
SANTISSIMO RU,0,1,1
SANTISSIO,0,1,1
SANTISSISMO,0,1,1
SANTISSMO,0,5,5
SANTISSO,0,1,1
SANTISSSIMO,0,4,4
SANTO,0,2,2
SANTO AMARO,0,1,1
SANTO CRISTO,0,2,2
SANTO CRISTTO,0,1,1
SANTO SANTOS,0,1,1
SANTOS CRISTO,0,6,6
SANTQ CRUZ,0,1,1
SANTRA CRUZ,0,1,1
SANTSSIMO,0,3,3
SAO CARLOS,0,3,3
SAO CONRAD0,0,1,1
SAO CONRADO,0,177,177
SAO CO NRADO,0,1,1
SAO CRISTIOVAO,0,1,1
SAO CRISTOVAAO,0,1,1
SAO CRISTOVAO,0,4,4
SAO CRISTOV AO,0,1,1
SAO CRISTOVAO A,0,1,1
SAO CRISTOVAQO,0,1,1
SAO CRITOVAO,0,3,3
SAO CRSITOVAO,0,1,1
SAO CRSTOVAO,0,1,1
SAO FRACISCO CHAVIER,0,1,1
SAO FRACISCO XAVIER,0,1,1
SAO FRANCICO XAVIER,0,2,2
SAO FRANCISCO,0,1,1
SAO FRANCISCO XAVIER,0,440,440
SAO FRNCISCO XAVIER,0,2,2
SAQBTA CRUZ,0,1,1
SATACRUZ,0,1,1
SATA CRUZ,0,6,6
SATANT CRUZ,0,1,1
SATA TERESA,0,1,1
SATISSIMO,0,2,2
SAUDE,0,416,416
SAUDO,0,1,1
SDENADOR VASCONCELOS,0,1,1
SE,0,1,1
SE3NADOR CAMARA,0,1,1
SE4NADOR CAMARA,0,1,1
SEANDOR CAMARA,0,1,1
SEENADOR VASCONCELOS,0,1,1
SEEPTIBA,0,5,5
SEETIBA,0,2,2
SENA,0,1,1
SENAADOR CAMARA,0,1,1
SENA CAMARA,0,1,1
SENADO CAMARA,0,3,3
SENADOE CAMARA,0,1,1
SENADOR,0,5,5
SENADOR AUGUSTO VASCONCELOS,0,3,3
SENADOR CAMAAR,0,1,1
SENADOR CAMAR,0,7,7
SEN ADOR CAMARA,0,3,3
SENADOR CAMARA,0,11,11
SENADOR CAM ARA,0,1,1
SENADOR CAMARAR,0,1,1
SENADOR CAMRA,0,4,4
SENADOR VACONCELOS,0,5,5
SENADOR VASCOCELOS,0,3,3
SENADOR VASCOCNELOS,0,6,6
SENADOR VASCONCELLOS,0,2,2
SENADOR VASCONCELO,0,1,1
SENADOR VASCONCELO9S,0,1,1
SENADOR VASCONCELOS,0,2,2
SENADOR VASCON CELOS,0,1,1
SENADOR VASCONCELOS RJ,0,1,1
SENADOR VASCONELOS,0,2,2
SENADOR VASONCELOS,0,2,2
SENADOS VASCONCELOS,0,1,1
SENADRO VASCONCELOS,0,3,3
SENANDOR CAMARA,0,1,1
SENANDOR VACCONCELOS,0,1,1
SENANDOR VASCONCELOS,0,2,2
SENARDOR CAMARA,0,1,1
SENASOR CAMARA,0,1,1
SENDOR CAMARA,0,2,2
SENDOR VASCONCELOS,0,2,2
SENNADOR CAMARA,0,1,1
SEN VASCONCELOS,0,1,1
SEPEIBA,0,1,1
SEPETBA,0,1,1
SEPETIA,0,3,3
SEPETIB,0,2,2
SEPETIBA,0,12,12
SEPETIBAQ,0,2,2
SEPETIBA RUA,0,1,1
SEPETIBASEPET,0,1,1
SEPTIBA,0,8,8
SERNADOR CAMARA,0,1,1
SITIO,0,1,1
SMPAIO,0,1,1
SNADOR VASCONCELOS,0,1,1
SNATA CRUZ,0,1,1
SNATISSIMO,0,2,2
SNEDOR CAMARA,0,1,1
SNTA CRUZ,0,3,3
SNTISSIMO,0,4,4
SOBRADO,0,1,1
SOSSEGO,0,1,1
SPEETIBA,0,1,1
SPETIBA,0,3,3
SSANTA TERESA,0,1,1
STA CRUZ,0,1,1
SUADE,0,1,1
SULACAP,0,9,9
SWANTA CRUZ,0,1,1
SZANTA TERESA,0,1,1
Localidade nÃ£o preenchida,0,9,9
TA,0,2,2
TAMQUE,0,1,1
TAN,0,1,1
TANQUE,0,3,3
TANQUIE,0,1,1
TAQNUE,0,1,1
TAQUARA,0,6,6
TAQUARA COLONIA,0,1,1
TAQUARA JACAREPAQUA,0,1,1
TAQUARAQ,0,1,1
TAQURA,0,5,5
TAU,0,2,2
TAUA,0,1,1
TEIXEIRA,0,1,1
TERRIO,0,1,1
THOMAS COELHO,0,5,5
THOMAZ COELHO,0,1,1
TI,0,1,1
TIJCUA,0,1,1
TIJUCA,0,3,3
TIJUCS,0,1,1
TIJUQUINHA,0,3,3
TIJUYCA,0,1,1
TIMAS COELHO,0,1,1
TIMBAU,0,1,1
TIUCA,0,1,1
TIUJCA,0,1,1
TODOS DOS SANTOS,0,1,1
TODOS OS SANTOS,0,518,518
TODOS SANTOS,0,1,1
TODOS SO SANTOS,0,1,1
TODOS SOS SANTOS,0,1,1
TOM,0,1,1
TOMAS COE,0,1,1
TOMAS COEL,0,1,1
TOMAS COELHO,0,2,2
TOMAS COELHPO,0,2,2
TOMAS COLEHO,0,3,3
TOMAZ COELHO,0,3,3
TRAVESSA,0,2,2
TRIAGEM,0,4,4
TRUACU,0,1,1
TUA,0,1,1
TUBIACANGA,0,5,5
TUIUTI,0,3,3
TURACU,0,1,1
TURANO,0,1,1
TURIA,0,2,2
TURIACU,0,1,1
TURICU,0,2,2
UJARDIM SULACAP,0,1,1
URCA,0,43,43
URU,0,1,1
URUCANIA,0,2,2
VALQUEIRE,0,1,1
VAQRGEM GRANDE,0,1,1
VARGEM GANDE,0,1,1
VARGEM GARNDE,0,2,2
VARGEM GRAND,0,1,1
VARGEM GRANDE,0,1,1
VARGEM GRANDEES,0,1,1
VARGEMPEQUENA,0,1,1
V ARGEM PEQUENA,0,2,2
VARGEM PEQUENA,0,3,3
VARGEM PEQUEN A,0,1,1
VARGEM PEQUNA,0,1,1
VARGEM PEQURENA,0,1,1
VAS,0,1,1
VASCO DA GAMA,0,1,1
VASCONCELOS,0,1,1
VAZ BOBO,0,1,1
VAZL LOBO,0,1,1
VAZ LOB,0,1,1
VAZLOBO,0,1,1
VAZ LOBO,0,1,1
VAZ LOBO 1,0,1,1
VAZ OBO,0,1,1
VENDA DE VARANDA,0,1,1
VI,0,2,2
VIA DA PENHA,0,1,1
VIAGARIO GERAL,0,1,1
VIA ISABEL,0,2,2
VIA KENNEDY,0,1,1
VIA KOSMOS,0,1,1
VICE,0,1,1
VICENTE CARVALHO,0,14,14
VICENTE DE CAERVALHO,0,1,1
VICENTE DE CARAVLHO,0,1,1
VICENTE DE CARVAHO,0,1,1
VICENTE DE CARVALHO,0,1,1
VICENTE DE CARVALO,0,1,1
VICENTE DE CARVLHO,0,1,1
VICENTE DE CRVALHO,0,1,1
VICENTE DER CARVALHO,0,1,1
VICNTE DE CARVCALHO,0,1,1
VIDIAGAL,0,1,1
VIDIGAL,0,1,1
VIDIGL,0,1,1
VIECENTE DE CARVALHO,0,1,1
VIGA,0,1,1
VIGARAL GERAL,0,1,1
VIGARIA,0,1,1
VIGARIA GERAL,0,2,2
VIGARI GERAL,0,1,1
VIGARIO,0,1,1
VIGARIO4 GERAL,0,1,1
VIGARIO GERAL,0,4,4
VIGARIO GERLA,0,1,1
VIGRIO GERAL,0,6,6
VIIDGAL,0,2,2
VILA,0,4,4
VILA ALIANCA,0,20,20
VILA CANOAS,0,4,4
VILA CANOAS SAO CONRADO,0,1,1
VILA CATIRI,0,1,1
VILA COSMO,0,1,1
VILA COSMOS,0,10,10
VILA CRUZEIRO,0,1,1
VILA DA PAZ,0,1,1
VILA DA PENA,0,1,1
VILA DA PENHA,0,455,455
VILA DO JOAO,0,2,2
VILA DO JOAO MARE,0,1,1
VILA DO PINHEIRO,0,4,4
VILA DO PINHEIRO MARE,0,1,1
VILA DOS PINHEIROS,0,2,2
VILA ELDORADO,0,1,1
VILA ENNEDY,0,1,1
VILA ESPERANCA,0,1,1
VILA ESPERANCA JARDIM AMERICA,0,1,1
VILAGE,0,2,2
VILA ISAB3L,0,1,1
VILA ISABAEL,0,1,1
VIL A ISABEL,0,10,10
VILA ISABEL,0,3,3
VILA I SABEL,0,1,1
VILA ISABL,0,2,2
VILA ISABRL,0,1,1
VILA ISAEBL,0,1,1
VILA ISBAEL,0,1,1
VIL A ISBEL,0,1,1
VILA ISBEL,0,1,1
VILA JUREMA,0,1,1
VILA KE,0,1,1
VILA KENEDY,0,4,4
VILA KENENDY,0,2,2
VILA KENNDEDY,0,1,1
VILA KENNDY,0,6,6
VILA KENNED,0,4,4
VILA KENNEDY,0,7,7
VILA KENNEDYES,0,1,1
VILA KENNENDY,0,12,12
VILA KENNNEDY,0,2,2
VILA KENNYDI,0,1,1
VILA KKENNEDY,0,1,1
VILA KOMOS,0,1,1
VILA KOSMO,0,7,7
VILA KOSMOS,0,731,731
VILA METRAL,0,1,1
VILA MILITAR,0,222,222
VILA MILLITAR,0,1,1
VILA PA PENHA,0,1,1
VILAR CARIOCA,0,1,1
VILA ROSALI,0,1,1
VILA SAPE,0,1,1
VILA VALQUEIRA,0,2,2
VILA VALQUEIRE,0,1,1
VILA VALQUIERE,0,1,1
VILA VERDE,0,1,1
VILA VINTEM,0,2,2
VIL KENNEDY,0,1,1
VILLAGE PAVUNA,0,1,1
VILLA KENNEDY,0,3,3
VILLA KOSMO,0,1,1
VILS KOSMOS,0,1,1
VIRGEM PEQUENA,0,1,1
VIS ALEGRE,0,1,1
VISTA ALEGRE,0,274,274
VIVIGARIO GERAL,0,4,4
VLA ISABEL,0,1,1
WANIELE SILVA DE OLIVEIRA,0,1,1
WESLEN CLAUDINO DA SILVA,0,1,1
WSSSSSDZX,0,1,1
Localidade nÃ£o preenchida,0,1,1
ZONA NORTE,0,1,1
ZUMBI,0,21,21
Localidade nÃ£o preenchida,0,9,9
Total,5,549,549
