Localidade,Quantidade Famílias Extrema Pobreza,Quantidade Famílias Pobreza,Quantidade Famílias Baixa Renda,Quantidade Famílias Acima de 1/2 S.M,Quantidade Famílias Total
Localidade nÃ£o preenchida,34,2,7,10,53
100,1,0,0,0,1
10022483705,1,0,0,0,1
11,3,0,0,0,3
11490508708,0,0,0,1,1
1163333,0,0,1,0,1
1223333,2,0,0,0,2
12282218710,1,0,0,0,1
13574383703,0,0,0,1,1
14,1,0,0,0,1
1401111,1,0,0,0,1
1481111,0,0,0,1,1
1491111,0,1,0,0,1
1573695760,1,0,0,0,1
17552,1,0,0,0,1
18,1,0,0,0,1
1BANGU,0,0,1,0,1
1CAJU,1,0,0,0,1
1IRAJA,1,0,0,0,1
1RAMOS,1,0,0,0,1
1SANTA CRUZ,1,0,0,0,1
1SEPETIBA,1,0,0,0,1
Localidade nÃ£o preenchida,8,0,1,1,10
2021,0,0,0,1,1
21,2,0,0,0,2
21725020,0,1,0,0,1
22,2,0,1,0,3
25SANTA TERESA,1,0,0,0,1
2ACARI,0,0,1,0,1
2SENADOR CAMARA,0,1,0,0,1
Localidade nÃ£o preenchida,1,0,0,0,1
Localidade nÃ£o preenchida,0,0,0,1,1
431111,1,0,0,0,1
Localidade nÃ£o preenchida,0,0,0,1,1
524,0,0,0,1,1
5 BOCA,0,0,1,0,1
75275554753,1,0,0,0,1
7 DE ABRIL,2,0,0,0,2
Localidade nÃ£o preenchida,1,0,0,0,1
820210,1,0,0,0,1
85,1,0,0,0,1
Localidade nÃ£o preenchida,0,0,0,1,1
9SEPETIBA,2,0,0,0,2
AANCHIETA,0,0,1,0,1
AARI,1,0,2,0,3
ABOLICAO,652,16,81,163,912
ABOLICO,1,0,0,0,1
ABOLIOCAO,1,0,0,0,1
ABOOICAO,1,0,0,0,1
ACARAI,0,1,0,0,1
ACARI,4,992,933,457,6
ACARIA,1,0,0,0,1
ACARI RUA,1,0,0,0,1
ACARO,0,1,0,0,1
ACARU,1,0,0,0,1
ACHIETA,0,1,0,0,1
ACRAI,0,1,0,0,1
AGALHAES BASTOS,1,0,0,0,1
AGUA SA,1,0,0,0,1
AGUA SANTA,660,14,69,83,826
AJU,4,0,1,0,5
AL,1,0,0,1,2
ALAGADO,0,0,1,0,1
ALT,0,0,1,0,1
ALTO,1,3,0,1,5
ALTO BOA VISTA,4,0,1,2,7
ALTO DA BOA,0,0,1,0,1
ALTO DA BOAVISTA,1,0,0,0,1
ALTO DA BOA VISTA,320,104,165,139,728
ALTO SIMAO,0,0,1,0,1
AMARELINHO,1,0,0,0,1
AMARO AMAURI DOS SANTOS,0,0,1,0,1
AMDARAI,1,0,0,0,1
AMIL,1,0,0,0,1
AMORIM,0,1,0,0,1
AN,2,0,0,0,2
ANA,1,0,0,0,1
ANACHIETA,1,1,0,0,2
ANADARAI,0,1,0,0,1
ANC,0,1,0,0,1
ANCHEITA,4,2,0,1,7
ANCHETA,0,0,1,0,1
ANCHIEA,0,0,1,0,1
ANCHIETA,4,742,1,757,6
ANCHIETE,1,0,0,0,1
ANCHIIETA,1,0,0,0,1
ANCHITA,1,1,0,0,2
ANCIETA,0,1,0,0,1
ANCIHETA,1,0,0,0,1
ANDA,1,0,0,0,1
ANDARA,1,0,0,0,1
ANDARAI,1,274,413,365,2
ANDARAII,2,0,0,0,2
ANDRAI,0,0,1,0,1
ANDREA FABRICIO DA SILVA,1,0,0,0,1
ANDREA MENDES CRUZ,1,0,0,0,1
ANHIETA,1,0,0,0,1
ANI,1,0,0,0,1
ANIL,1,392,737,521,3
AN IL,0,0,0,1,1
ANILA,0,0,1,0,1
ANIL JACAREPAGUA,1,0,0,1,2
ANL,1,0,1,0,2
ANTA CRUZ,0,0,0,1,1
ANTARES,2,0,0,0,2
ANXIETA,1,0,0,0,1
ARARA,2,0,0,0,2
ARARA BENFICA,1,0,0,0,1
AREINHA,1,0,0,0,1
ASCARI,1,0,0,0,1
AUGUSTO VASCONCELOS,5,0,0,1,6
AV,1,0,0,0,1
AVENIDA,3,0,1,1,5
Localidade nÃ£o preenchida,0,0,1,0,1
BA,1,0,0,0,1
BABGU,1,0,0,0,1
BAIRRO,14,0,0,3,17
BAIRRO CARIOCA,4,0,1,0,5
BAIRRO CURICICA,1,0,0,0,1
BAIRRO DE FATIMA,1,0,0,0,1
BAIRRO FILHOS,0,0,1,0,1
BAIRRO INHOAIBA,1,0,0,0,1
BAIRRO REALENGO,1,0,0,0,1
BAIXA,1,1,0,0,2
BAIXA DO SAPATEIRO,5,0,0,0,5
BAIXA SAPATEIRO,1,0,0,0,1
BAMGU,2,0,0,0,2
BANBGU,0,1,0,0,1
BANCARIOS,524,206,296,223,1
B ANCARIOS,1,0,0,0,1
BANCRARIOS,0,0,1,0,1
BANGIU,0,0,0,1,1
BANGO,0,0,2,0,2
BANGU,15,2,2,2,22
BA NGU,2,0,0,0,2
BANGU CANCELA PRETA,1,0,0,0,1
BANGU CATIRI,7,0,1,0,8
BANGUE,1,0,0,0,1
BANGUI,1,0,0,0,1
BANGUJ,0,0,0,1,1
BANGUU,0,1,0,0,1
BANGU VILA KENNEDY,1,0,0,0,1
BANNGU,1,0,0,0,1
BANRUA,1,0,0,0,1
BANU,1,0,0,1,2
BANUGU,1,0,0,0,1
BAQNGU,0,0,0,1,1
BARA DA TIJUCA,1,0,0,0,1
BARR,0,0,0,1,1
BARRA,1,0,0,0,1
BARRA DA TIJIUCA,0,0,1,0,1
B ARRA DA TIJUCA,0,0,0,1,1
BARRA DA TIJUCA,258,44,95,102,499
BARRA DE GUARATBA,1,0,0,0,1
BARRA DE GUARATIBA,332,48,53,75,508
BARRA DE GUARRTIBA,0,0,1,0,1
BARRA DE GUARTIBA,1,1,0,0,2
BARRA DE GURATIBA,1,0,0,0,1
BARRA DE TIJUCA,3,0,0,0,3
BARRA GUARATIBA,1,1,1,0,3
BARR DA TIJUCA,1,0,0,0,1
BARREIRA DO VASCO,19,0,0,0,19
BARRO FILHO,1,0,0,0,1
BARRO FILHOS,0,1,0,0,1
BARROS FIHO,2,1,0,0,3
BARROS FILGO,0,0,0,1,1
BARROS FILHO,1,297,306,172,2
BARROS FILHOA,1,0,0,0,1
BARROS FILHOS,10,5,0,0,15
BARRROS FILHO,0,1,0,0,1
BATAM,1,0,0,0,1
BATAN,5,0,0,0,5
BEBTO RIBEIRO,1,0,0,0,1
BECO COQUERAL,1,0,0,0,1
BECO DA GLORIA,1,0,0,0,1
BEENFICA,1,0,0,0,1
BEIRA RIO,1,0,0,0,1
BEMFICA,1,1,0,0,2
BEN,1,1,0,0,2
BENFIC,1,0,0,0,1
BENFICA,3,426,507,496,4
BENTO RBEIRO,1,0,0,0,1
BENTO REBEIRO,4,0,0,1,5
BENTO RIBEIRO,1,179,337,377,2
BENTO RIBERO,4,1,1,0,6
BNACARIOS,0,0,1,0,1
BNAGU,2,0,1,0,3
BO,1,0,0,0,1
BOATFOGO,1,1,0,3,5
BOIUNA,2,0,0,0,2
BOMSUCESSO,1,0,0,1,2
BONCESSO,0,0,0,1,1
BONSICESSO,1,0,0,0,1
BONSSUCESSO,0,0,0,1,1
BONSU,2,0,0,0,2
BONSUCESO,1,1,0,0,2
BONSUCESS0,3,0,0,0,3
BONSUCESSO,1,141,254,295,1
BONSUCESSO MARE,0,0,0,1,1
BONSUCSSO,2,0,0,0,2
BORDA DO MATO,1,0,0,0,1
BOSUCESSO,3,1,0,0,4
BOTAFOFO,3,0,0,1,4
BOTAFOGO,1,110,363,535,2
BOTAFOGO1,0,0,0,1,1
BOTAFOGOL,1,0,0,0,1
BOTAFOGOQ,0,0,1,0,1
BOTFOGO,0,1,0,0,1
BOTOFAGO,1,0,2,0,3
BRAS,0,1,0,0,1
BRAS DE,1,0,0,0,1
BRAS DE OLIVEIRA,1,0,0,0,1
BRAS DE P,0,0,0,1,1
BRAS DE PINA,3,281,644,637,4
BRASDE PINA,1,0,0,0,1
BRAS DE PINARUA,3,0,0,0,3
BRAS DE PNA,1,0,0,0,1
BRAS DE PONA,1,0,0,0,1
BRAS DRE PINA,1,0,0,0,1
BRAS E PINA,0,0,0,1,1
BRAS PINA,1,0,1,0,2
BRAZ DE PINA,54,4,11,19,88
BRS DE PINA,1,0,0,0,1
BRUNO BERTO FARIA,0,1,0,0,1
BSNGU,0,1,0,0,1
BUNGU,0,0,1,0,1
Localidade nÃ£o preenchida,2,0,1,0,3
CA,0,0,1,0,1
CA 02,1,0,0,0,1
CAACHAMBI,0,1,0,0,1
CACADURA,0,0,0,1,1
CACAMBI,1,0,0,0,1
CACHAMB,0,0,1,0,1
CACHAMBI,1,71,241,312,1
CACHAMI,1,0,0,0,1
CACUIA,380,130,182,166,858
CAFUNDA,1,0,0,0,1
CAHAMBI,2,0,0,0,2
CAJ,0,0,0,1,1
CAJU,4,265,634,639,6
CAJU7,1,0,0,0,1
CAJU PARQUE ALEGRIA,1,0,0,0,1
CAJUU,0,0,1,0,1
CAKI,1,0,0,0,1
CALVALCANTI,0,0,1,0,1
CAM,1,0,0,0,1
CAMAPO GRANDE,1,0,0,0,1
CAMILA PAMELA FRANCISCO DE SOUZA,1,0,0,0,1
CAMMPO GRANDE,1,0,0,0,1
CAMO,1,0,0,0,1
CAMO GRANDE,7,0,0,2,9
CAMOO GRANDE,0,1,0,0,1
CAMOP GRANDE,1,0,0,0,1
CAMOPO GRANDE,1,0,0,0,1
CAMORIM,425,85,128,129,767
C AMORIM,1,0,0,0,1
CAMP,0,1,0,0,1
CAMP0 GRANDE,0,0,2,0,2
CAMP0O GRANDE,0,0,1,0,1
CAMP GRANDE,5,0,2,3,10
CAMPI GRANDE,3,0,1,1,5
CAMPIMHO,1,0,0,0,1
CAMPINHO,567,78,133,111,889
CAMPIO GRANDE,0,0,1,0,1
CAMPNHO,1,0,0,0,1
CAMPO,2,0,0,1,3
CAMPO DOS AFONSO,0,0,0,1,1
CAMPO DOS AFONSOS,4,0,2,1,7
CAMPO FGRANDE,0,0,1,0,1
CAMPO GANDE,14,0,0,2,16
CAMPO GARANDE,1,0,0,0,1
CAMPO GARNDE,1,1,1,2,5
CAMPO GRA,1,0,0,0,1
CAMPO GRADE,5,0,0,1,6
CAMPO GRADNE,1,0,0,0,1
CAMPO GRAMDE,2,0,0,0,2
CAMPO GRAND,1,0,0,0,1
CAMPOGRANDE,7,0,1,0,8
C AMPO GRANDE,0,0,1,0,1
CAMP OGRANDE,1,0,0,0,1
CAMPO GRANDE,21,1,3,3,30
CAMPO GRAN DE,2,0,0,0,2
CAMPO GRANDE3,0,0,1,0,1
CAMPO GRANDE4,0,0,0,1,1
CAMPO GRANDE BECO,1,0,0,0,1
CAMPO GRANDEQ,4,0,0,1,5
CAMPO GRANDE RJ,0,0,0,1,1
CAMPO GRANDE RUA,1,0,0,0,1
CAMPO GRANDW,1,0,0,0,1
CAMPO GRANE,2,0,0,0,2
CAMPO GRANGE,1,0,0,0,1
CAMPO GRANNDE,1,0,0,0,1
CAMPO GRAQNDE,1,0,0,0,1
CAMPO GREANDE,2,0,0,0,2
CAMPO GRNADE,2,1,0,0,3
CAMPO GRNDE,8,1,0,0,9
CAMPO GTANDE,1,0,0,0,1
CAMPO GTRANDE,1,0,0,0,1
CAMPO GTRANMDE,1,0,0,0,1
CAMPOI GRANDE,2,0,0,0,2
CAMPO MGRANDE,0,0,1,0,1
CAMPOM GRANDE,2,0,0,0,2
CAMPO NGRANDE,1,0,0,0,1
CAMPONHO,0,0,0,1,1
CAMPOO GRANDE,2,0,0,0,2
CAMPOP GRANDE,1,1,0,0,2
CAMPO RANDE,1,0,0,1,2
CAMPP GRANDE,0,0,0,1,1
CAMPPO GRANDE,3,0,0,1,4
CANCELA PRETA,3,0,0,0,3
CANDIDO MAGALHAES,3,0,0,0,3
CANMPO GRANDE,1,0,0,0,1
CANORIM,0,0,0,1,1
CANPO GRANDE,1,0,0,0,1
CANTAGALO,0,0,0,1,1
CAOSMOS,1,0,0,0,1
CAPINHO,1,0,0,0,1
CAPOEIRA GRANDE,1,0,0,0,1
CAPO GRANDE,2,2,0,0,4
CARDOVIL,0,0,0,1,1
CARIOCA,1,1,0,0,2
CARLOS ALBERTO ALVES MARTINS,1,0,0,0,1
CARU,0,0,1,0,1
CAS,2,0,0,0,2
CASA,0,1,0,0,1
CASACADURA,1,0,0,0,1
CASACDURA,3,1,0,0,4
CASADURA,0,0,0,1,1
CASCADRURA,1,0,0,0,1
CASCADURA,1,189,377,353,2
CASCADURA Q,1,0,0,0,1
CASCARURA,1,0,0,0,1
CASCAURA,1,0,0,0,1
CASCDAURA,1,0,0,0,1
CASCDURA,2,0,0,0,2
CASMPO GRANDE,3,0,0,0,3
CASTA BARROS,0,0,1,0,1
CASTELO,1,0,0,0,1
CATET,2,0,0,0,2
CATETE,529,42,114,150,835
CATIA DOS SANTOS FERREIRA,1,0,0,0,1
CATIRI,7,0,0,0,7
CATUMBI,1,177,279,252,1
CATUMNI,1,0,0,0,1
CAVACANTI,1,0,0,0,1
CAVALACANTE,1,0,0,0,1
CAVALCANTE,38,3,3,9,53
CAVALCANTI,1,119,178,158,1
CAVALCATE,1,0,0,0,1
CAVALCATI,1,0,0,0,1
CAVALVANTI,2,1,0,0,3
CAVLACANTI,1,0,1,0,2
CCAMPO GRANDE,1,0,0,0,1
CCASCADURA,1,0,0,0,1
CCENTRO,1,0,0,0,1
CCOMPLEXO DO ALEMAO,1,0,0,0,1
CCOSTA BARROS,1,0,0,0,1
CDADE DE DEUS,1,0,0,0,1
CDD,1,0,0,0,1
CE,1,0,0,0,1
CEN,2,0,0,0,2
CENMTRO,1,0,0,0,1
CENRO,2,0,0,0,2
CENTEO,1,0,1,0,2
CENTR,1,0,0,0,1
CENTRAL,3,0,0,0,3
CENTRO,5,150,379,703,6
CE NTRO,2,0,0,0,2
CENTRO 1,1,0,0,0,1
CENTROCENTRO,1,0,0,0,1
CENTRO DA CIDADE,2,0,0,0,2
CENTRO N,13,2,0,2,17
CENTRO Q,1,0,0,0,1
CENTRP,0,0,0,1,1
CENTYRO,1,0,0,0,1
CESARAO,0,1,1,1,3
CESARI ODE MELO,1,0,0,0,1
CETRO,1,0,1,0,2
CEWNTRO,1,0,0,0,1
CHACARA DO CEU,5,1,2,1,9
CHAPADAO,1,0,0,0,1
CHARACA DO CEU,2,0,0,0,2
CI,0,0,1,1,2
CIADADE DE DEUS,1,0,0,1,2
CIADE DE DEUS,1,0,0,0,1
CICADE DE DEUS,1,0,0,0,1
CIDADADE DE DEUS,1,0,0,0,1
CIDADE,1,2,1,0,4
CIDADE ALTA,0,1,0,0,1
CIDADE D DEUS,0,0,1,0,1
CIDADE DE,1,0,0,0,1
CIDADE DE DE,1,0,0,0,1
CIDADE DE DE DEUS,9,0,0,2,11
CIDADE DE DESU,3,1,0,0,4
CIDADE DE DEU,1,0,0,0,1
CIDADE DE DEUS,9,732,1,845,12
CIDADE DE DEUS3,1,0,0,0,1
CIDADE DE E DEUS,1,0,0,0,1
CIDA DE DEUS,2,0,0,0,2
CIDADE DEUS,1,0,0,0,1
CIDADE NOVA,415,78,95,121,709
CIDADE UNIVERCITARIA,1,0,0,0,1
CIDADE UNIVERSITARIA,104,27,94,75,300
CIDADE UNIVESITARIA,1,0,0,1,2
CIDAE DE DEUS,1,0,0,0,1
CIDAE NOVA,0,1,0,0,1
CIOSTA BARROS,1,0,0,0,1
CIRICICA,1,0,0,0,1
CIVENTE DE CARVALHO,1,0,0,0,1
CLEGIO,0,1,0,0,1
CMPLEXO DO ALEMAO,1,0,0,0,1
CMPO GRANDE,3,0,2,0,5
CNTRO,0,0,0,1,1
COAPCABANA,1,0,0,0,1
COCOTA,200,47,83,102,432
CODADE DE DEUS,1,0,0,0,1
COELGIO,3,0,0,0,3
COELH0 NETO,1,0,0,0,1
COELHO NET0,1,0,0,0,1
COELHO NETO,2,229,425,443,3
COELHO N ETO,1,0,0,0,1
COELHOP NETO,3,0,0,0,3
COELJHO NETO,1,0,0,0,1
COHAB,0,0,1,0,1
COLEGIO,2,396,420,282,3
COLEGIOI,1,0,1,0,2
COLEHO NET0,1,0,0,0,1
COLEHO NETO,1,0,0,0,1
COLGIO,0,0,1,0,1
COLHO NETO,1,0,1,0,2
COLOGIO,1,0,0,0,1
COLONIA,13,3,1,1,18
COLONIA JACAREPAGUA,1,0,0,0,1
COLONIA JULIANO MOREIRA,0,0,1,0,1
COMLEXO DO ALEMAO,1,1,0,0,2
COMOLEXO DO ALEMAO,0,0,1,0,1
COMOS,2,1,0,0,3
COMPELXO DO ALEMAO,1,0,0,0,1
COMPEXO DO ALEMAO,14,1,1,3,19
COMPLEXO ALEMAO,7,5,2,0,14
COMPLEXO D ALEMAO,2,0,0,0,2
COMPLEXO DA MARE,2,0,0,0,2
COMPLEXO DA PENHA,10,1,4,2,17
COMPLEXO DE ALEMAO,19,1,1,2,23
COMPLEXO DO ALEMAO,10,1,1,1,14
COMPLEXO DO ALEMAO GROTA,0,0,1,0,1
COMPLEXO DO ALEMAOO,1,0,0,0,1
COMPLEXO DO ALEMAORUA,10,3,1,3,17
COMPLEXO DO ALEMAOTR,1,0,0,0,1
COMPLEXO DO ALEMNAO,1,0,0,0,1
COMPLEXO DO ALEMO,6,1,2,0,9
COMPLEXO DO CAMPINHO,1,0,0,0,1
COMPLEXO DO MEIO,1,0,0,0,1
COMPLEXON DO ALEMAO,1,0,0,0,1
COMPLEXO O ALEMAO,1,0,0,0,1
COMPLXO DO ALEMAO,0,1,0,0,1
COMUNIDADE DO BOREL,1,0,0,0,1
CONJUNTO,1,0,0,0,1
COOLEGIO,1,0,0,0,1
COOMPLEXO DO ALEMAO,19,4,4,1,28
COOSMOS,0,1,0,0,1
COPABACANA,1,0,0,0,1
COPACAABAN,1,0,0,0,1
COPACAABANA,0,0,0,1,1
COPACABA,0,0,0,1,1
COPACABAANA,1,0,1,0,2
COPACABABA,0,1,0,0,1
COPACABANA,2,349,709,766,4
COPACABANA R,1,0,0,0,1
COPACAVABA,0,0,0,1,1
COPACBAANA,0,0,1,0,1
COPACBANA,0,0,1,0,1
COPAQQCABANA,1,0,0,0,1
COPCABANA,2,0,0,2,4
COPLEXO DO ALEMAO,1,0,0,0,1
COPPACABANA,0,1,0,1,2
COR,1,0,0,0,1
CORD,1,0,0,0,1
CORDIVIL,1,0,0,0,1
CORDOVIL,3,248,490,502,4
CORDOVILRUA,1,0,0,0,1
CORDOVL,1,0,0,0,1
CORDOVOL,1,0,0,0,1
COROADO,0,0,1,0,1
COROVIL,6,1,0,1,8
COSA BARROS,0,1,0,0,1
COSM0,1,0,0,0,1
COSME VELHO,374,30,67,63,534
COSMO,27,5,8,0,40
COSMOS,6,758,1,989,9
C OSMOS,1,0,0,0,1
COSMOS 1,0,1,0,0,1
COSMOSQ,0,0,0,1,1
COSMS,0,0,1,0,1
COSNIS,1,0,0,0,1
COSTA,3,0,0,0,3
COSTA ARROS,1,0,0,0,1
COSTA BAARROS,1,0,0,0,1
COSTA BAROOS,0,2,0,0,2
COSTA BAROS,1,0,2,0,3
COSTA BARRAOS,1,0,0,0,1
COSTA BARRO,0,2,1,0,3
COSTA BARROD,0,1,0,0,1
COSTABARROS,2,0,0,0,2
COSTA BARROS,5,914,1,648,8
COSTA BARROSBECO,1,0,0,0,1
COSTA BARRROS,1,0,1,0,2
COSTA BASTOS,2,0,0,0,2
COSTA BRROS,1,0,0,0,1
COSTAS BARROS,3,1,0,0,4
COST BARROS,1,0,0,0,1
COTA BARROS,0,1,0,1,2
CRICICA,1,0,0,0,1
CS 2,1,0,0,0,1
CSCADURA,0,0,1,0,1
CSOTA BARROS,1,1,1,0,3
CSTA BARROS,0,0,1,0,1
CUR,0,1,0,0,1
CURCICA,9,3,2,0,14
CURI,1,0,0,0,1
CURICIA,3,0,2,1,6
CURICIACA,0,1,0,0,1
CURICICA,4,881,1,1,7
CURICICA JACAREPAGUA,0,1,1,0,2
CURICICA TAQUARA,0,0,1,0,1
CURIICA,1,0,0,0,1
CURIR,1,0,0,0,1
CURIRICA,0,0,1,0,1
CURUCICA,2,0,0,1,3
CURUMAU,1,0,0,0,1
CVALCANTE,0,0,0,1,1
CWNTRO,1,0,0,0,1
CXAMPO GRANDE,3,0,0,0,3
CXURICICA,1,0,0,0,1
DAMIANA RODRIGUES DA SILVA,1,0,0,0,1
DDEL CASTILHO,1,0,0,0,1
DEDODRO,1,0,0,0,1
DEDORO,0,0,1,1,2
DEL CASTILHIO,1,0,0,0,1
DEL CASTILHO,1,57,200,208,1
DEL CASTILJO,1,0,0,0,1
DEL CASTLHO,0,1,0,0,1
DEL CATILHO,1,0,0,0,1
DENDE,1,0,0,0,1
DEOD0RO,1,0,0,0,1
DEODEORO,1,0,0,0,1
DEODODRO,1,0,0,0,1
DEODOR,2,0,0,0,2
DEODORA,1,0,0,0,1
DEODORO,835,121,137,90,1
DEODOROGUADALUPE,0,0,0,1,1
DEODRO,2,2,0,0,4
DE VASCONCELOS,1,0,0,0,1
DOIS DE MAIO,1,0,0,0,1
DOIS IRMAOS,0,1,0,0,1
DRENO,1,0,0,0,1
Localidade nÃ£o preenchida,0,1,0,0,1
EDADE,1,0,0,0,1
EIO COMPRIDO,1,0,0,0,1
ELIZABETE REIS OLIVEIRA,0,1,0,0,1
EMGENHEIRO LEAL,1,0,0,0,1
EMGENHO DE DENTRO,1,0,0,0,1
ENADOR CAMARA,0,1,0,0,1
ENCANT,1,0,0,0,1
ENCANTA,1,0,1,0,2
ENCANTADA,0,0,0,1,1
ENCANTADO,1,40,127,225,1
ENCANTADOI,1,0,0,0,1
ENCANTANDO,1,0,0,0,1
ENCONTRO,1,0,0,0,1
ENEGENHEIRO LEAL,1,0,0,0,1
ENEGENHO DA RAINHA,0,0,0,1,1
ENEGENHO NOVO,0,0,1,0,1
ENEGNHO NOVO,0,0,0,1,1
ENENHO NOVO,1,0,0,0,1
ENG,1,0,0,0,1
ENG DA RAINHA,1,0,0,0,1
ENGE,0,0,0,1,1
ENGEHO DA RAINHA,0,0,0,1,1
ENGEHO DE DENTRO,1,0,0,0,1
ENGEHO NOVO,1,0,0,0,1
ENGEMNHEIRO LEAL,1,0,0,0,1
ENGENEHIRO LEAL,5,0,0,0,5
ENGENGO DA RAINHA,1,0,0,1,2
ENGENH,2,0,0,0,2
ENGENH DE DENTRO,1,0,0,0,1
ENGENHEIO LEAL,1,0,0,0,1
ENGENHEIRO LEAL,473,69,89,62,693
ENGENHEIRO LEL,0,0,1,0,1
ENGENHERIO LEAL,1,0,0,0,1
ENGENHO,8,0,0,0,8
ENGENHO A RAINHA,1,0,0,0,1
ENGENHO D,1,0,0,0,1
ENGENHO DA DE DENTRO,1,0,0,0,1
ENGENHO DA RAIHA,0,0,0,1,1
ENGENHO DA RAINHA,1,73,239,292,2
ENGENHO D DENTRO,1,0,0,0,1
ENGENHO DE DENRTO,0,1,0,0,1
ENGENHO DE DENTO,3,0,0,0,3
ENGENHO DE DENTRO,4,104,479,705,5
ENGENHODE DENTRO,0,1,0,0,1
ENGENHO DE MDENTRO,1,0,0,0,1
ENGENHO DE NOVO,1,0,0,0,1
ENGENHO DENTRO,1,0,1,0,2
ENGENHO D ENTRO,1,0,0,0,1
ENGENHO DFA RAINHA,1,0,0,0,1
ENGENHO DO RAINHA,2,1,0,0,3
ENGENHOI DA RAINHA,1,0,0,0,1
ENGENHO NOCO,0,0,0,1,1
ENGENHO NOIVO,0,0,1,0,1
ENGEN HO NOVO,1,0,0,0,1
ENGENHO NOVO,3,223,632,656,5
ENGENHO RAINHA,0,0,1,0,1
ENGENHO VONO,2,0,0,0,2
ENGENJHO DA RAINHA,0,0,0,1,1
ENGEN NOVO,1,0,0,0,1
ENGENO NOVO,1,0,0,0,1
ENGNEH0 NOVO,1,0,0,0,1
ENGNEHO DE DENTRO,1,0,0,0,1
ENGNHO NOVO,2,0,0,0,2
ENHENHO NOVO,1,1,0,0,2
ENHGENHO NOVO,1,0,0,0,1
ENNGENHO DE DENTRO,1,0,0,0,1
ENTRO,1,0,0,0,1
EN TRO,1,0,0,0,1
ERENICIA GOMES VITAL,1,0,0,0,1
ESTACIO,1,258,442,365,2
ESTACUI,0,0,0,1,1
ESTRADA,4,2,0,0,6
ESTRADA BOUGAINVILLE,0,0,1,0,1
ESTRADA DA PEDRA,1,0,0,0,1
ESTRADA DAS CANOAS,1,0,0,0,1
FALLET,2,0,0,0,2
FAZENDA BOTAFOGO,3,0,1,2,6
FEREGUESIA JACAREPAGUA,1,0,0,0,1
FERNANDA FARIAS LEAL,1,0,0,0,1
FLAMENGO,349,25,92,156,622
FORMIGA,2,0,0,0,2
FRAGUESIA,0,0,0,1,1
FRE,1,0,1,0,2
FREGUESIA,1,281,441,362,2
FREGUESIA DE JACAREPAGUA,0,0,0,1,1
FREGUESIA ILHA DO GOVERNADOR,0,0,0,1,1
FREGUESIA JACAREAPAGUA,1,0,0,0,1
FREGUESIA JACAREPAGUA,716,98,192,212,1
FREGUESIAJPA,0,0,1,0,1
FREGUESIA JPA,84,11,35,23,153
FREGUESIAS,0,1,0,0,1
FREQUESIA,2,0,0,0,2
FRGUESIA,0,0,1,0,1
FUNDAO,0,0,1,0,1
Localidade nÃ£o preenchida,1,1,0,0,2
GA,1,0,0,0,1
GABINAL,1,0,0,0,1
GADERNIA AZUL,2,0,0,0,2
GAEAO,0,1,0,0,1
GALAEAO,1,0,0,0,1
GALEA0,1,0,0,0,1
GALEAI,1,0,0,0,1
GALEAO,1,526,688,368,3
GALEAOP,0,0,0,1,1
GALEO,5,1,2,2,10
GALEOA,1,1,0,0,2
GAMBO,1,0,0,0,1
GAMBOA,2,59,131,262,2
GAMGOA,1,0,0,0,1
GAR,1,0,0,0,1
GARATIBA,2,1,0,0,3
GARDE,2,3,1,0,6
GARDE AZUL,0,0,2,0,2
GARDEINA AZUL,0,1,0,0,1
GARDEMIA AZUL,3,1,1,2,7
GARDENI,1,0,0,0,1
GARDENIA,10,3,2,0,15
GARDENIAAZUL,1,0,0,0,1
GARDENIA AZUL,1,545,837,430,3
GARDENI AZUL,1,0,1,1,3
GARDENIA ZUL,2,0,0,0,2
GAREDENIA AZUL,0,1,0,0,1
GAREDNIA AZUL,0,1,0,0,1
GARNDENIA AZUL,0,0,0,1,1
GAUDALUPE,3,1,1,0,5
GAURATIBA,0,1,1,1,3
GAVEA,171,25,42,50,288
GFUADALUPE,0,1,0,0,1
GHUARATIBA,0,1,0,0,1
GIADALUPE,1,0,0,0,1
GLORIA,468,40,71,97,676
GLORIAQ,1,0,0,0,1
GOMBOA,0,1,0,0,1
GRAJA,1,0,1,0,2
GRAJAU,792,172,256,262,1
GRAJAUA,1,0,0,0,1
GRAJAUQ,0,0,1,0,1
GRJAU,0,0,0,1,1
GRUMARI,14,3,1,0,18
GSMBOA,1,0,0,0,1
GU,1,0,0,1,2
GUA,0,0,1,0,1
GUAARATIBA,6,0,0,1,7
GUABRATIBA,1,0,0,0,1
GUADA,3,0,1,0,4
GUADALEPU,0,0,0,1,1
GUADALIPE,0,0,0,1,1
GUADALPE,1,0,0,0,1
GUADALU,1,1,0,0,2
GUADALUOE,1,0,0,0,1
GUADALUPE,3,603,813,802,6
GUADALUPEA,1,0,0,0,1
GUADALUPR,1,0,0,0,1
GUADALUPWE,1,0,0,0,1
GUADAPUPE,1,0,0,0,1
GUADAUPE,3,0,0,0,3
GUADLUPE,1,1,0,1,3
GUAGALUPE,1,0,0,0,1
GUAGRATIBA,1,0,0,0,1
GUANDU,4,0,0,0,4
GUARA,2,0,0,0,2
GUARABU,1,0,0,0,1
GUARAIBA,1,0,0,0,1
GUARASTIBA,1,0,0,0,1
GUARAT,1,0,1,0,2
GUARATAIBA,5,0,0,0,5
GUARATGIBA,0,0,1,0,1
GUARATIB,1,1,0,0,2
GUARATIBA,12,2,2,1,18
GUA RATIBA,1,0,0,0,1
GUARA TIBA,1,0,0,0,1
GUARATI BA,2,0,0,0,2
GUARATIB A,1,0,0,0,1
GUARATIBAA,1,0,0,0,1
GUARATIBAESTR,1,0,0,0,1
GUARATIBARU,1,1,0,0,2
GUARATIBARUA,2,0,1,0,3
GUARATIBBA,1,0,0,0,1
GUARATIIBA,1,0,0,0,1
GUARATIKBA,0,0,1,0,1
GUARATINA,2,0,0,0,2
GUARATRIBA,1,0,0,0,1
GUARATUBA,0,0,1,0,1
GUARDALUPE,0,1,0,0,1
GUARDENIA AZUL,1,0,0,0,1
GUARTAIBA,4,1,0,0,5
GUARTIBA,8,2,2,1,13
GUATAIBA,0,0,0,1,1
GUATATIBA,1,0,1,0,2
GUAVRATIBA,0,1,0,0,1
GUBARATIBA,1,0,0,0,1
GUDALUPE,5,2,0,0,7
GUIADALUPE,2,1,0,0,3
GUIARATIBA,0,0,1,0,1
GURATIBA,19,12,7,1,39
GUSDALUPE,1,0,0,0,1
GUSRATIBA,1,0,0,0,1
GYADALUPE,1,0,0,0,1
GYARATIBA,1,0,0,0,1
Localidade nÃ£o preenchida,1,0,0,0,1
HGIENOPOLIS,0,0,0,1,1
HIGEINOPOLIS,0,0,1,0,1
HIGENOPOLIS,0,1,0,0,1
HIGIEMOPOLIS,1,0,0,0,1
HIGIENOLPOLIS,1,0,0,0,1
HIGIENOPOLIS,571,166,172,176,1
HIGIENPOLIS,0,0,0,1,1
HIGIRNOPOLIS,1,0,0,0,1
HOGIENOPOLIS,1,1,0,1,3
HOGOENOLOPIS,1,0,0,0,1
HONIRIO GURGEL,1,0,0,0,1
HONO,0,0,1,0,1
HONORIO,2,0,0,0,2
HONORIO GRUGEL,1,0,0,0,1
HONORIO GUIRGEL,3,0,0,0,3
HONORIO GURG,1,0,0,0,1
HONORIOGURGEL,0,0,0,1,1
HONORIO GURGEL,2,180,320,319,2
HONORIO GURGRL,1,0,0,0,1
HONORIO GURGUEL,2,0,0,0,2
HONORORIO GURGEL,1,0,0,0,1
HORNORIO GURGEL,1,0,0,0,1
HUMAITA,54,4,27,62,147
Localidade nÃ£o preenchida,2,0,0,0,2
IHNOAIBA,0,0,0,1,1
IHOAIBA,0,1,0,0,1
IILHA DO GOVERNADO,1,0,1,0,2
IINHOAIBA,3,0,0,1,4
IIPANEMA,1,0,0,1,2
IIRAJA,0,0,0,1,1
ILHA,1,0,0,0,1
ILHA DE GUARATIBA,5,3,5,0,13
ILHA DE PAQUETA,6,0,0,2,8
ILHA DO FUNDAO,1,0,0,0,1
ILHA DO GOVERNADO,0,1,0,0,1
ILHA DO GOVERNADOR,15,0,0,2,17
ILHA DO GOVERNADOR BANCARIOS,0,0,1,0,1
IMHAUMA,2,0,0,0,2
INAHUMA,3,0,0,0,3
INHAHUMA,2,0,0,0,2
INHAIBA,1,0,0,1,2
INHAIMA,1,0,0,0,1
INHAMA,1,0,0,0,1
INHAOAIBA,1,0,0,0,1
INHAOIAB,1,0,0,0,1
INHAOIBA,6,2,0,1,9
INHAUMA,2,114,362,387,3
INHAUMJA,0,0,0,1,1
INHAUMMA,1,0,0,0,1
INHJAUMA,1,0,0,0,1
INHOA,1,0,0,0,1
INHOABA,3,0,0,1,4
INHOAI,2,0,0,0,2
INHOAIABA,2,1,1,0,4
INHOAIBA,6,626,783,824,8
IN HOAIBA,0,1,0,0,1
INHOAIBAS,1,0,0,0,1
INHOAIBBA,1,0,0,0,1
INHOAIBEA,1,0,0,0,1
INHOAIBS,1,0,0,0,1
INHOAINA,1,0,0,0,1
INHOI,0,1,0,0,1
INHOIABA,9,0,1,1,11
INHOIAIBA,1,0,0,0,1
INHOIBA,12,1,2,1,16
ININHAUMA,0,0,0,1,1
INJHAUMA,1,0,0,0,1
INJHOAIBA,1,0,0,0,1
INOAIBA,2,0,0,0,2
INS DE VASCONCELOS,1,0,0,0,1
IOTA,1,0,1,0,2
IPANEM,1,0,0,0,1
IPANEMA,861,99,196,197,1
IPANEMA D,0,0,1,0,1
IRA,2,0,1,0,3
IRAJ,0,0,1,0,1
IRAJA,3,550,902,936,5
IRA JA,0,1,0,0,1
IRAJAA,1,0,0,0,1
IRAJACARI,1,0,0,0,1
IRANHANGA,1,0,0,0,1
IRJA,0,1,0,0,1
IRTA,1,0,0,0,1
ISANTA CRUZ,1,0,0,0,1
IT,0,0,1,0,1
ITA,10,0,14,1,25
ITA0,1,0,0,0,1
ITAA,0,0,1,0,1
ITAIBA,1,0,0,0,1
ITAM,0,1,1,0,2
ITAMJA,0,1,0,0,1
ITAN,2,0,1,0,3
ITANA,0,0,1,0,1
ITANGANGA,1,0,0,0,1
ITANH,4,1,1,2,8
ITANHA,2,0,4,1,7
ITANHAA,0,0,1,0,1
ITANHAGA,9,1,4,2,16
ITANHAN,3,3,0,0,6
ITANHANA,0,0,1,0,1
ITANHANAGA,1,0,0,0,1
ITANHANG,1,0,0,0,1
ITANHANGA,3,966,1,644,6
ITAN HANGA,1,0,0,0,1
ITANHANGARU,1,0,1,0,2
ITANHANGA RUA,1,1,1,0,3
ITANHANGAS,1,0,0,0,1
ITANHN,1,0,1,0,2
ITANHNAGA,3,0,2,0,5
ITANHNGA,0,0,1,0,1
ITAQNHA,2,0,0,0,2
ITARARE,0,0,0,1,1
ITNAHANGA,1,0,2,0,3
ITRA,0,1,0,0,1
IVANIL PEREIRA DOS SANTOS,0,0,0,1,1
Localidade nÃ£o preenchida,1,0,0,0,1
J A,2,0,0,0,2
JAACRE,2,0,0,0,2
JAARDIM AMERICA,1,0,0,0,1
JAAREPAGUA,1,0,0,0,1
JABOUR,0,0,0,1,1
JACA,0,1,0,0,1
JACAEPAGUA,1,0,0,0,1
JACAPAGUA,0,1,0,0,1
JACAR,0,0,1,0,1
JACARAPEGUA,2,0,0,0,2
JACARARAPAGUA,0,1,0,0,1
JACARE,4,798,662,559,6
JACAREAPAGUA,2,0,0,0,2
JACAREAPGUA,2,0,0,1,3
JACAREBARROS FILHO,0,1,0,0,1
JACAREGUA,0,0,0,1,1
JACAREPA,1,0,0,0,1
JACAREPAGA,0,0,1,0,1
JACAREPAGAU,0,1,0,0,1
JACAREPAGU,1,0,0,1,2
JACAREPAGUA,4,1,1,1,8
JACARE PAGUA,1,0,0,0,1
JACAREPAGUA CURICICA,0,1,0,0,1
JACAREPAGUA FREGUESIA,1,0,0,0,1
JACAREPAQUA,0,0,0,1,1
JACAREPAUA,0,0,0,1,1
JACAREPEGUA,1,1,0,2,4
JACAREPGUA,1,1,0,1,3
JACAREZIBHO,1,0,0,0,1
JACAREZIHO,1,0,0,0,1
JACAREZINH,1,0,0,0,1
JACAREZINH0,1,0,0,0,1
JACAREZINHA,0,1,0,0,1
JACAREZINHO,1,233,286,292,2
JACAREZINNHO,0,1,0,0,1
JACAREZINO,1,0,0,0,1
JACAREZNHO,0,0,0,1,1
JACAREZXINHO,1,0,0,0,1
JACRE,0,0,0,1,1
JACREPAGUA,4,1,1,0,6
JADIM CARIOCA,1,0,0,0,1
JAQCAREPAGUA,0,0,0,1,1
JAQUELINE GONALVES DA SILVA,1,0,0,0,1
JAQUELINE OLIVEIRA DE SOUZA,1,0,0,0,1
JAR,1,0,0,0,1
JARDI9M CARIOCA,0,0,1,0,1
JARDIM,0,0,1,0,1
JARDIM AMERIC,1,0,0,0,1
JARDIM AMERICA,2,376,632,485,4
JARDIM AMREICA,1,0,0,0,1
JARDIM AMRICA,0,0,1,0,1
JARDIM ANERICA,0,0,1,0,1
JARDIM BANGU,20,3,2,4,29
JARDIM BOTANICO,108,11,48,70,237
JARDIM BOTANICP,1,0,0,0,1
JARDIM CARICA,1,0,1,0,2
JARDIM CARIO,0,1,0,0,1
JARDIM CARIOA,0,0,0,1,1
JARDIM CARIOCA,936,334,489,374,2
JARDIM GUANABARA,107,37,48,82,274
JARDIM GUARATIBA,2,2,0,0,4
JARDIM MARAVILHA,3,2,0,0,5
JARDIM PALMARES,1,0,0,0,1
JARDIM PALMARES PACIENCIA,1,0,0,0,1
JARDIM SULACAMP,0,1,0,1,2
JARDIM SULACAP,214,28,47,58,347
JARDIM SULA CAP,1,0,0,0,1
JARDIM VARIOCA,1,0,0,0,1
JAREPAGUA,1,0,0,0,1
JARIM CARIOCA,0,0,1,0,1
JCARE,0,0,0,1,1
JCAREPAGUA,0,1,0,0,1
JD CARIOCA,1,0,0,0,1
JESUITAS,1,0,0,0,1
JHARDIM CARIOCA,1,0,0,0,1
JOA,1,0,1,1,3
JOAO NUNES SALDANHA,1,0,0,0,1
JOAO RIBEIRO,1,0,0,0,1
JORDAO,1,0,0,0,1
JOSE AUGUSTO MARTINS DE OLIVEIRA,1,0,0,0,1
JQCQREZINHO,0,0,0,1,1
JULIANA MOREIRA DA SILVA,0,0,1,0,1
JUQUERI,0,0,0,1,1
KELSOM PENHA CIRCULAR,1,0,0,0,1
KELSON,2,0,0,0,2
KOSMOS,1,0,0,0,1
LAGOA,33,1,8,22,64
LAGOA DA BARRA,1,0,0,0,1
LAPA,65,4,5,5,79
LARANJAIRAS,1,0,0,0,1
LARANJEIRA,7,0,0,0,7
LARANJEIRAS,804,19,86,124,1
LARANJEIREAS,0,0,0,1,1
LARGO DO 40 MAGARCA,0,0,1,0,1
LARNJEIRAS,1,0,0,0,1
LBLON,1,0,0,0,1
LEBLON,180,14,80,141,415
LEME,436,75,158,136,805
LEMOS,1,0,0,0,1
LIINS DE VASCONCELOS,1,0,0,0,1
LINAS DE VASCONCELOS,0,0,1,0,1
LINHA VERDE,1,0,0,0,1
LINS,2,0,1,3,6
LINSA DE VASCONCELOS,1,0,0,0,1
LINS DE BVASCONCELOS,1,0,0,0,1
LINS DE LINS DE VASCONCELOS,0,0,1,0,1
LINS DE VAACONCELOS,1,0,0,0,1
LINS DE VACONCELOS,16,1,0,1,18
LINS DE VADONCONCELOS,1,0,0,0,1
LINS DE VANCOCELOS,1,0,0,0,1
LINS DE VANCONCELOS,2,0,0,0,2
LINS DE VANSCONCELOS,0,0,1,0,1
LINS DE VASCCONCELOS,0,0,1,0,1
LINS DE VASCNCELOS,1,0,1,0,2
LINS DE VASCOCELOS,17,0,1,1,19
LINS DE VASCOCNELOS,0,0,1,0,1
LINS DE VASCOELOS,1,0,0,0,1
LINS DE VASCONCELLOS,1,0,0,0,1
LINS DE VASCONCELO,1,0,0,0,1
LINS DEVASCONCELOS,5,1,0,0,6
LINS DE VASCONCELOS,3,167,473,521,4
LINS DE VASCONCELOSQ,1,0,0,0,1
LINS DE VASCONCELS,0,0,0,1,1
LINS DE VASCONCELSO,1,0,0,0,1
LINS DE VASCONCLOS,1,0,0,0,1
LINS DE VASCONCOLOS,0,0,1,0,1
LINS DE VASCONCONCELOS,1,0,0,0,1
LINS DE VASCONELOS,1,0,0,0,1
LINS DE VASCONSELOS,0,0,0,1,1
LINS DE VASCOVELOS,1,0,0,0,1
LINS DE VASNCONCELOS,0,0,0,1,1
LINS DE VASOCNCELOS,1,0,0,0,1
LINS DE VASONCELOS,3,0,3,1,7
LINS DE VASSCONCELOS,0,0,0,1,1
LINS DE VSCONCELOS,1,0,1,0,2
LINS E VASCONCELOS,1,0,0,0,1
LINS VASCONCELLOS,1,0,0,0,1
LINS VASCONCELO,1,0,0,0,1
LINS VASCONCELOS,6,0,0,0,6
LIS DE VASCONCELOS,0,0,1,0,1
LIS E VASONCELOS,1,0,0,0,1
LISN DE VASCONCELOS,1,0,0,0,1
LUCIO FLAVIO DE SOUSA FELISBERTO DE OLIVEIRA,1,0,0,0,1
LUIZ OTAVIO DIAS PEREIRA,1,0,0,0,1
MA,1,1,0,0,2
MABGUEIRA,1,0,0,0,1
MACILIO DIAS,1,0,0,0,1
MADU,1,0,0,0,1
MADUEIRA,10,1,0,2,13
MADUEIRA1,1,0,0,0,1
MADUEREIRA,2,0,0,0,2
MADUIREIRA,0,0,0,1,1
MADUREIEA,1,0,0,0,1
MADUREIRA,4,391,668,616,5
MADURERIA,1,0,0,0,1
MADURERIRA,1,0,0,0,1
MADUREUARA,0,1,0,0,1
MADURIRA,2,0,0,0,2
MADUTEIRA,1,0,0,0,1
MAE,0,0,1,0,1
MAERE,0,1,0,0,1
MAGAHAES BASTOS,1,0,0,1,2
MAGALAES BASTOS,1,0,0,0,1
MAGALAHES BASTOS,9,0,2,2,13
MAGALHAE BASTOS,1,0,1,0,2
MAGALHAES,1,0,0,0,1
MAGALHAES BASTO,1,1,1,1,4
MAGALHAES BASTODS,0,0,0,1,1
MAGALH AES BASTOS,1,0,0,0,1
MAGALHAES BASTOS,1,214,353,306,2
MAGALHAES BATOS,0,0,1,1,2
MAGALHAES DE BASTOS,2,1,1,0,4
MAGALHAES MALLET,1,0,0,0,1
MAGALHAS BASTOS,3,0,1,0,4
MAGALHES BASTOS,1,0,0,0,1
MAGALHGAES BASTOS,1,0,0,0,1
MAGARCA,4,1,1,0,6
MAGLHAES BASTOS,1,0,0,0,1
MAGUEIRA,3,0,0,0,3
MAGUINHOS,6,1,1,1,9
MALLET,0,0,1,0,1
MAMDUREIRA,1,0,0,0,1
MAN1,1,0,0,0,1
MANDELA,2,0,0,0,2
MANGARATIBA,2,0,0,0,2
MANGEIRA,0,0,0,1,1
MANGINHOS,1,0,0,0,1
MANGUARIBA,4,0,0,1,5
MANGUEIRA,5,65,262,472,5
MANGUEIR A,3,0,0,0,3
MANGUEIRQA,1,0,0,0,1
MANGUERA,1,0,0,0,1
MANGUERIA,4,0,0,0,4
MANGUIEIRA,2,0,0,0,2
MANGUIERA,1,0,0,0,1
MANGUIHOS,1,1,1,0,3
MANGUINHHOS,1,0,0,0,1
MANGUINHIOS,0,0,1,0,1
MANGUINHO,5,4,7,2,18
MANGUINHOA,0,0,0,1,1
MANGUINHOD,1,0,0,0,1
MANGUINHOIS,0,0,1,0,1
MANGUINHOOS,1,0,0,0,1
MANGUINHOS,3,543,682,508,5
MANGUINHOS CONJUNTO,0,0,1,0,1
MANGUNHOS,3,0,0,0,3
MANGUNINHOS,0,0,1,0,1
MANQUINHO,1,0,0,0,1
MANQUINHOS,0,1,0,0,1
MANUINHOS,1,0,0,0,1
MAQNGUEIRA,2,0,0,0,2
MARACA,0,0,0,1,1
MARACACA,0,0,0,1,1
MARACAN,1,0,0,0,1
MARACANA,149,30,53,91,323
MARAE,1,0,0,0,1
MARCANA,0,1,0,0,1
MARCEHAL HERMES,1,0,0,0,1
MARCELLE CARVALHO RUSSO,1,0,0,0,1
MARCHAL HERMES,3,0,0,1,4
MARCILIO DIAS,1,0,0,1,2
MARE,9,2,2,1,16
MARE4,1,0,0,0,1
MARE BAIXA,1,0,0,0,1
MARE BONSUCESSO,5,1,7,1,14
MARECCHAL HERMES,0,0,1,0,1
MARECHA,1,0,0,0,1
MARECHAEL HERMES,1,1,1,0,3
MARECHA HERMES,1,0,1,0,2
MARECHAL,6,1,0,1,8
MARECHAL HEMES,1,0,0,0,1
MARECHAL HERES,0,1,0,0,1
MARECHAL HERM,1,0,0,0,1
MARECHAL HERME,1,0,0,0,1
MARECHALHERMES,1,0,0,0,1
MARECHAL HERMES,1,311,409,411,3
MARECHAL HERMESRUA,1,0,0,0,1
MARECHAL HERMESS,1,0,0,0,1
MARECHAL HERNES,1,0,0,0,1
MARECHAL HERTMES,1,0,0,0,1
MARECHL HERMES,1,0,0,0,1
MAREE,1,0,1,0,2
MAREHAL HERMES,1,0,0,0,1
MAREHCAL HERMES,0,1,0,0,1
MARE MANGUINHOS,0,1,0,0,1
MARE NOVA HOLANDA,0,0,1,0,1
MARE NOVA HOLANDA BONSUCESSO,1,0,0,0,1
MARE PINHEIRO,0,1,1,0,2
MARE PISCINAO DE RAMOS,1,0,0,0,1
MARER,3,0,0,0,3
MARE RAMOS,7,0,1,0,8
MARE VILA DO JOAO,1,1,1,1,4
MARE VILA DOS PINHEIROS,1,0,0,0,1
MARIA DA GRAA,1,0,0,0,1
MARIA DA GRACA,219,21,54,61,355
MARIA DA GRACAS,1,0,0,0,1
MARIA GRACA,1,1,0,0,2
MARIOPOLIS,1,0,0,1,2
MARUREIRA,1,0,0,0,1
MATE,0,0,1,0,1
MATO ALTO,0,0,2,0,2
MATRE,1,0,0,0,1
MATRIZ,0,0,1,0,1
MAUREIRA,2,1,0,0,3
MDUREIRA,1,0,0,0,1
MEIER,1,24,168,348,1
MEIR,1,0,0,1,2
MENDANHA,0,0,1,0,1
MERE,2,0,0,0,2
MGALHAES BASTOS,0,0,1,0,1
MICHAEL CARDOSO,0,1,0,0,1
MIER,1,0,0,0,1
MILENA APARECIDA FABIANA,1,0,0,0,1
MJARECHAL HERMES,1,0,0,0,1
MMARE,0,1,0,0,1
MNAGUEIRA,4,0,0,0,4
MONERO,34,17,18,29,98
MORRO DA PROVIDENCIA,1,0,0,0,1
MORRO DO ADEUS,0,0,1,0,1
MQDUREIRA,0,0,0,1,1
MRE,0,1,2,0,3
MSDUREIRA,1,0,0,0,1
MUZEMA,2,2,4,3,11
NACIONAL,2,0,0,0,2
NADUREIRA,3,0,0,0,3
NAGALHAES BASTOS,1,0,0,0,1
NIL,1,0,0,0,1
NOGUEIRA,1,0,0,0,1
NOSSA SENHORA DAS GRACAS,3,0,2,1,6
NOVA ALIANCA,1,0,0,0,1
NOVA BRASILIA,2,1,1,0,4
NOVA HOLANA BONSUCESSO,1,0,0,0,1
NOVA HOLANDA,17,1,4,0,22
NOVA HOLANDA MARE,1,0,0,0,1
NOVA SEPETIBA,4,1,0,0,5
NOVA SEPETIBA 1,1,0,0,0,1
NTRO,0,0,1,0,1
Localidade nÃ£o preenchida,0,0,0,1,1
OLARIA,2,220,491,548,3
OLARIIA,1,0,0,0,1
OLARIO,1,0,0,0,1
OMPLEXO DO ALEMAO,1,0,0,0,1
ONHOAIBA,1,0,0,0,1
ORACA SECA,1,0,0,0,1
OS,1,0,0,0,1
OS VALDO CRUZ,1,0,0,0,1
OSVALDO CRUZ,9,1,0,1,11
OSWADO CRUZ,0,0,0,1,1
OSWALD CRUZ,0,0,0,1,1
OSWALDO,1,1,0,0,2
OSWALDO CRU,1,0,0,0,1
OSWALDO CRUS,1,0,0,0,1
OSWALDO CRUZ,1,144,262,298,2
OSWALDO CRUZR,1,0,0,0,1
OSWALDO CUZ,1,0,0,0,1
OSWALDOMCRUZ,1,0,0,0,1
OSWALDP CRUZ,0,1,0,0,1
Localidade nÃ£o preenchida,3,0,0,1,4
P0ACIENCIA,1,0,0,0,1
P0AVUNA,0,1,0,0,1
P0RTUGUESA,1,0,0,0,1
PA,1,0,0,0,1
PAARQUE ANCHIETA,1,0,0,0,1
PAAVUNA,0,0,1,0,1
PABUNA,1,0,0,0,1
PAC,1,1,0,0,2
PACA SECA,1,0,1,0,2
PACEICNIA,1,0,0,0,1
PACEINCIA,0,0,2,1,3
PACENCIA,2,0,0,1,3
PACI,2,0,0,0,2
PACIANCIA,1,0,0,0,1
PACIE,3,0,0,0,3
PACIECIA,9,1,2,0,12
PACIECNIA,2,0,0,0,2
PACIEENCIA,1,0,0,0,1
PACIEN,1,0,0,0,1
PACIENCA,1,1,2,2,6
PACIENCAI,1,0,0,0,1
PACIENCI,3,0,1,1,5
PACIENCIA,14,1,1,1,19
PAC IENCIA,0,0,0,1,1
PACIE NCIA,3,0,1,0,4
PACIENCIAESTRADA,1,0,0,0,1
PACIENCIA NOVA JERSEY,1,0,0,0,1
PACIENCIAP,1,0,0,0,1
PACIENCIARUA,8,0,1,1,10
PACIENCIA RUA,1,0,0,0,1
PACIENCIASANTA CRUZ,1,0,0,0,1
PACIENCOA,1,0,0,0,1
PACIENIA,1,0,1,0,2
PACIENICA,2,0,0,1,3
PACIENTE,1,0,0,0,1
PACINCIA,10,1,0,0,11
PACINECIA,1,0,1,0,2
PACIOENCIA,1,0,0,0,1
PADRE,8,0,0,0,8
PADRE MGIUEL,1,0,0,0,1
PADRE MGUEL,1,0,0,0,1
PADRE MIGUEL,5,680,936,779,7
PADRE MIGUELR,0,0,0,1,1
PADRE MIGUELRU,1,0,0,0,1
PADRTE MIGUEL,1,0,0,0,1
PAIA DA BANDEIRA,0,0,1,0,1
PAICENCIA,1,0,0,0,1
PALMA,0,1,0,0,1
PALMARES,5,0,0,0,5
PAQCIENCIA,0,1,0,0,1
PAQUE,1,0,0,0,1
PAQUE ANCHIETA,0,0,1,0,1
PAQUETA,422,28,34,61,545
PAR,1,0,1,0,2
PARACA SECA,0,1,0,0,1
PARADA,1,0,0,0,1
PARADA DE LUCAS,1,272,396,306,2
PARADA DE LUCASRUA,1,0,0,0,1
PARADA DE LUZ,1,0,0,0,1
PARADA LUCAS,6,0,0,1,7
PARADAS DE LUCAS,5,0,0,0,5
PARDA DE LUCAS,4,0,0,0,4
PARE ANCHIETA,0,0,1,0,1
PARQU,1,0,0,0,1
PARQUE,2,0,0,0,2
PARQUE AANCHIETA,1,0,0,0,1
PARQUE ALEGRIA,1,0,0,0,1
PARQUE ANCHEITA,8,0,1,0,9
PARQUEANCHIETA,0,1,0,0,1
PARQUE ANCHIETA,1,222,288,354,2
PARQUE ANCHIETAR,1,0,0,0,1
PARQUE ANCHIETA RUA,0,1,0,0,1
PARQUE ANCHIIETA,0,0,0,1,1
PARQUE ANCHITA,1,0,0,0,1
PARQUE ANCHYIETA,1,0,0,0,1
PARQUE COLUMBI,1,0,0,0,1
PARQUE COLUMBIA,1,213,248,175,1
PARQUE COLUMBUIA,1,0,0,0,1
PARQUE COLUMIA,0,1,0,1,2
PARQUE DA CIDADE,17,2,6,1,26
PARQUE DA COLUMBIA,0,0,0,1,1
PARQUEE ANCHIETA,0,1,0,0,1
PARQUE EVEREST,1,0,0,0,1
PARQUE MARE,1,0,0,0,1
PARQUE OSVALDO CRUZ,2,0,0,1,3
PARQUE PROLETARIO DA PENHA,1,0,0,0,1
PARQUE UNIAO,6,0,1,0,7
PARQUQ ANCHIETA,1,0,0,0,1
PAULO CESAR SCHULZ DA ROCHA,0,0,1,0,1
PAUNA,1,0,0,0,1
PAUVNA,0,0,0,1,1
PAVUINA,1,0,0,0,1
PAVUNA,5,1,1,1,9
PAVUN A,1,0,0,0,1
PAVUNHA,0,0,0,1,1
PCIANECIA,1,0,0,0,1
PCIENCIA,2,0,0,0,2
PECHICHA,1,0,0,1,2
PECHICNHA,0,0,0,1,1
PECHINCA,24,4,4,7,39
PECHINCHA,639,129,234,232,1
PECHINCHA JACAREPAGUA,0,0,0,1,1
PECHINCHA JPA,2,0,0,0,2
PECHUINCHA,0,1,0,1,2
PEDRA DE GRARATIBA,0,0,0,1,1
PEDRA DE GUARA,0,0,1,0,1
PEDRA DE GUARAMAR,1,0,0,0,1
PEDRA DE GUARATAIBA,2,1,0,0,3
PEDRA DEGUARATIBA,1,0,1,0,2
PEDRA DE GUARATIBA,940,168,276,231,1
PEDRA DE GUARTIBA,2,1,2,1,6
PEDRA DE GUAVRATIBA,0,1,0,0,1
PEDRA DE GURATIBA,3,0,0,0,3
PEDRA GUARATIBA,4,1,3,1,9
PEDRA GUARTIBA,1,0,0,0,1
PEDREIRA,1,0,0,0,1
PENAH,1,0,0,0,1
PENCHICA,0,0,0,1,1
PENDURA SAIA,1,0,0,0,1
PENH,1,0,0,0,1
PENHA,7,424,870,990,9
PENHA CICULAR,1,0,0,0,1
PENHA CIIRCULAR,2,0,0,0,2
PENHA CIR,1,0,0,0,1
PENHA CIRCILAR,1,0,0,0,1
PENHA CIRCLAR,3,0,1,3,7
PENHA CIRCUALR,0,0,1,0,1
PENHA CIRCULA,1,0,0,0,1
PENHA CIRCULAR,3,333,558,589,5
PENHA CIRCULAS,1,0,0,0,1
PENHA CIRSULAR,1,0,0,0,1
PENHA CIRUCLAR,1,0,0,0,1
PENHA CRCULAR,1,0,0,0,1
PENHA CRICULAR,3,0,0,0,3
PEPCHINCHA,0,1,0,0,1
PERA DE GUARATIBA,1,0,0,0,1
PIALRES,2,0,0,0,2
PIDADE,1,0,1,0,2
PIE,1,0,0,0,1
PIEADE,1,0,0,0,1
PIEDADE,4,114,531,658,5
PIEDADE A,0,0,0,1,1
PIEDADEE,1,0,0,0,1
PIEDADES,1,0,0,0,1
PIEDAE,6,0,0,0,6
PIEDDAE,0,0,1,0,1
PIEDFADE,1,0,0,0,1
PILAREES,2,0,0,0,2
PILARES,2,69,271,342,2
PILRES,3,0,0,1,4
PINHEIRO,5,0,2,0,7
PINHEIROS,1,0,0,0,1
PINTANGUEIRAS,1,0,0,0,1
PINTO TELES,1,0,0,0,1
PIRAQUE,0,0,1,0,1
PISCINAO,1,0,0,0,1
PISCINAO RAMOS,1,0,0,0,1
PIS DE RAMOS,1,0,0,0,1
PITAGUEIRAS,0,0,1,0,1
PITANGUEIRA,16,5,7,2,30
PITANGUEIRAS,465,171,224,158,1
PITANGUEIRASRU,1,0,0,0,1
PITANGUERAS,1,0,0,0,1
PITANMGUEIRAS,1,0,0,0,1
PITANNGUEIRAS,1,0,0,0,1
PLARES,1,0,0,0,1
PORT,2,0,0,0,2
PORTUESA,0,0,1,0,1
PORTUGUESA,669,240,341,249,1
PORTUGUESAR,0,0,0,1,1
PQUE COLUMBIA,1,0,0,0,1
PRA,3,0,1,2,6
PRAA,0,0,0,2,2
PRAA DA BANDEIRA,1,0,0,0,1
PRACA,1,1,1,0,3
PRACA DA,0,1,0,0,1
PRACA DA BANDEIRA,224,42,77,93,436
PRACA DA BANDERA,0,0,0,1,1
PRACA DA BIBLIA,1,0,0,0,1
PRACA ONZE,2,0,0,0,2
PR ACA SECA,1,0,0,0,1
PRACA SECA,4,743,1,898,7
PRACA SECA MATO ALTO,1,0,0,0,1
PRACAS SECA,0,0,0,1,1
PRAC SECA,1,0,0,1,2
PRAIA DA BANDEIRA,51,16,37,32,136
PRAIA DA BANDERIA,0,0,1,0,1
PRAIA DE RAMOS,1,0,0,0,1
PRAQCA SECA,0,0,0,1,1
PRA SECA,1,0,0,0,1
PRCA SECA,0,0,0,1,1
PROVIDENCIA,3,0,0,0,3
PROXIMO,1,0,0,0,1
PROXIMOPRO,0,0,0,1,1
PSCIENCIA,2,0,0,0,2
PTRACA SECA,1,0,0,0,1
P U,1,0,0,0,1
PVAUNA,1,0,0,0,1
QQ,0,0,1,0,1
QUARATIBA,1,0,0,0,1
QUINLTINO BOCAIUVA,1,0,0,0,1
QUINTANILHA,1,0,0,0,1
QUINTINHO BOCAIUVA,1,0,0,0,1
QUINTINI BOCAIUVA,4,0,0,0,4
QUINTINIO BOCAIUVA,1,0,0,0,1
QUINTINO,60,3,7,8,78
QUINTINO BACAIUVA,2,0,0,0,2
QUINTINO BGOCAIUVA,0,0,0,1,1
QUINTINO BOCAIUVA,1,141,269,300,2
QUINTINO BOCAIVA,7,1,3,0,11
QUINTINO BOCAQIUVA,1,0,0,0,1
QUINTINO BOCAUIVA,2,0,0,0,2
QUINTINO BOLCAIUVA,1,0,0,0,1
QUINTINO BOVAIUVA,1,0,0,0,1
QUINTINO COCAIUVA,0,1,0,0,1
QUINTINO DE BOCAIU,0,0,1,0,1
QUINTINO DE BOCAIUVA,9,1,2,0,12
QUINTINO GBOCAIUVA,1,0,0,0,1
QUINTINO QUINTINO,2,0,0,0,2
QUINTUINO BOCAIUVA,1,0,0,0,1
QUIONTINO BOCAIUVA,1,0,0,0,1
Localidade nÃ£o preenchida,1,0,0,0,1
R0CHA,2,0,0,0,2
RACHUELO,0,0,1,0,1
RAELENGO,1,0,0,0,1
RALENGO,1,0,1,0,2
RAMO,0,0,0,1,1
RAMOP,0,1,0,0,1
RAMOS,1,391,576,437,3
RA MOS,1,0,0,0,1
RAMOS PISCINAO,3,0,1,0,4
RAQUEL UNIAO,1,0,0,0,1
RE,1,0,2,0,3
REA,3,1,0,0,4
REAELNGO,1,0,0,0,1
REAENGO,5,2,1,0,8
REAL,1,0,1,0,2
REALAENGO,2,0,0,0,2
REALEGO,2,1,2,2,7
REALENG0,1,0,0,0,1
REALENGO,12,1,2,1,18
REALENGO BATAN,3,0,0,0,3
REALENGOCENTRO,1,0,0,0,1
REALENGOI,1,0,0,1,2
REALENGORU,1,0,0,0,1
REALENNGO,1,0,0,0,1
REALENO,1,0,0,0,1
REALIDADE,1,0,0,0,1
REALNGO,2,1,0,0,3
REALRNGO,1,0,0,0,1
RECREIO,33,0,4,3,40
RECREIO DE BANDEIRANTES,9,0,0,1,10
RECREIO DO BANDEIRANTES,1,0,0,1,2
RECREIO DOS BADEIRANTES,1,0,0,0,1
RECREIO DOS BAMNDEIRANTES,1,0,0,0,1
RECREIO DOS BANDEIERANTES,1,1,2,0,4
RECREIO DOS BANDEIRANENTES,0,0,1,0,1
RECREIO DOS BANDEIRANTAES,0,1,0,0,1
RECREIO DOS BANDEIRANTE,11,2,6,7,26
RECREIO DOS BANDEIRANTES,2,411,480,445,3
RECREIO DOS BANDEIRANTESRUA,6,0,1,0,7
RECREIO DOS BANDEIRANTRS,1,0,0,0,1
RECREIO DOS BANDEIRATES,1,1,0,0,2
RECREIO DOS BANDEIRAZNTES,0,0,0,1,1
RECREIO DOS BANDEIREANTES,1,0,0,0,1
RECREIO DOS BANDERANTES,0,0,1,0,1
RECREIO DOS BANDREIRANTGES,1,0,0,0,1
RECREO DOS BADEIRANTES,0,0,0,1,1
RECRIO DOS BANDEIRANTES,1,1,0,1,3
REEALENGO,1,0,0,0,1
RELAENGO,2,0,0,0,2
RELANEGO,3,0,0,1,4
RELENGO,7,1,0,1,9
REMOS,0,1,0,0,1
RERALENGO,1,0,0,0,1
RESLENGO,0,0,1,0,1
RIACARDO DE ALBUQUERQUE,2,0,0,0,2
RIACHELO,1,0,0,2,3
RIACHOELO,1,0,0,0,1
RIACHUELEO,0,0,1,0,1
RIACHUELO,337,26,77,94,534
RIACHULEO,1,0,0,0,1
RIBEIRA,35,16,20,18,89
RIC,1,0,0,0,1
RICADO DE ALBUQUERQUER,0,0,1,0,1
RICAR,1,0,0,0,1
RICARD,0,0,0,1,1
RICARDO,6,1,0,1,8
RICARDO ALBIRQUERQUE,0,0,1,0,1
RICARDO ALBOQUERQUE,2,0,0,0,2
RICARDO ALBUQUERQUE,19,1,1,2,23
RICARDO ALBURQUERQUE,1,0,0,0,1
RICARDO DE,3,0,0,0,3
RICARDO DE AL,0,0,0,1,1
RICARDO DE ALBOQUERQUE,3,1,1,0,5
RICARDO DE ALBUQERQUE,3,0,0,2,5
RICARDO DE ALBUQEUERQUE,1,0,0,0,1
RICARDO DE ALBUQUERQ,1,1,0,0,2
RICARDO DE ALBUQUERQE,1,2,0,0,3
RICARDO DE ALBUQUERQUE,1,345,359,313,2
RICARDO DE ALBUQUERQUER,1,0,0,0,1
RICARDO DE ALBUQUERQUERUA,1,0,0,0,1
RICARDO DE ALBUQUERQUE RUA,1,0,0,0,1
RICARDO DE ALBUQUERQUUE,1,0,0,0,1
RICARDO DE ALBUQUERUE,1,0,0,0,1
RICARDO DE ALBUQUERUQUE,1,0,0,0,1
RICARDO DE ALBUQUQERQUQE,0,0,0,1,1
RICARDO DE ALBURQUEQUE,1,0,0,1,2
RICARDO DE ALBURQUERQUE,2,0,0,0,2
RICARDO DE ALBUUQERQUE,1,0,0,0,1
RICARDO DE ALUBUQUERQUE,1,1,1,0,3
RICARDO DE ALUQUERQUE,1,0,0,0,1
RICARDO DE LABUQUERQUE,1,0,0,0,1
RICHUAELO,1,0,0,0,1
RICHUELO,0,1,0,1,2
RICICARDO DE ALBUQUERQUE,1,0,0,0,1
RI COMPRIDO,1,0,0,0,1
RIIO DAS PEDRAS,0,1,0,0,1
RIO,1,0,0,0,1
RIOCINHA,0,0,1,0,1
RIO CO,0,0,1,0,1
RIO COIMPRIDO,0,0,0,1,1
RIO COMPRDIO,0,1,0,0,1
RIO COMPRDO,1,0,0,0,1
RIO COMPREIDO,1,0,0,1,2
RIO COMPRI,1,0,0,0,1
RIO COMPRIDO,2,468,635,598,4
RIO COM PRIDO,1,0,0,0,1
RIO COMRIDO,0,0,0,1,1
RIO COMRPDIO,1,0,0,0,1
RIO COMRPIDO,1,0,0,0,1
RIO CUMPRIDO,8,0,1,2,11
RIO DA PEDRAS,1,0,0,0,1
RIO DAS PDRAS,1,0,0,0,1
RIO DAS PEDRAS,177,62,81,26,346
RIO DAS PERAS,0,0,1,0,1
RIO DE JANEIRO,553,10,8,7,578
RIO DSA PEDRAS,0,0,1,0,1
RIOMCOMPRIDO,1,0,0,0,1
RIOM DAS PEDRAS,1,0,0,0,1
RIO OCMPRIDO,1,0,0,0,1
RIO OMPRIDO,3,0,0,0,3
RIQCHUELO,1,0,0,0,1
RO,3,0,0,0,3
RO0CINHA,0,1,0,0,1
ROCCINHA,1,0,0,0,1
ROCHA,1,62,184,164,1
ROCHA EMERGENCIAL,0,1,0,0,1
ROCHA MIIRANDA,4,0,1,1,6
ROCHA MIRANDA,3,280,473,555,4
ROCHA MITRANDA,5,0,0,1,6
ROCIANHA,3,0,0,0,3
ROCIHA,1,0,0,0,1
ROCINHA,6,632,1,936,9
ROC INHA,1,0,0,0,1
ROCINHA MATINHA DA ROCINHA,1,0,0,0,1
ROCINHA TRAVESSA,0,1,0,0,1
ROCINMHA,1,0,0,0,1
ROCNHA,1,0,1,0,2
RODHA MIRANDA,1,0,0,0,1
RODRIGO ROMUALDO DOS SANTOS SILVEIRO,1,0,0,0,1
ROICNHA,2,0,0,1,3
RUA,47,4,8,8,67
RUA CANDIDO MAGALHAES,1,0,0,0,1
RUA CHIQUINHA GONZAGA,1,0,0,0,1
RUA COMETA 4,1,0,0,0,1
RUA COMPRIDO,0,1,0,0,1
RUA DIAMANTE DO NORTE,1,0,0,0,1
RUA DO BISPO,0,0,0,1,1
RUA FERNANDES DA CUNHA,1,0,0,0,1
RUA LEOPOLDO BULHOES 700,0,1,0,0,1
RUA LIMITES 1468,0,1,0,0,1
RUA MOZOLANDIA,0,0,1,0,1
RUA PROJETADA A,1,0,0,0,1
RUA TRINTA E UM DE JANEIRO N 1,1,0,0,0,1
RUA TUPINIQUINS,0,1,0,0,1
RUA VIEIRA DE ARAUJO,1,0,0,0,1
RUSANTA CRUZ,1,0,0,0,1
Localidade nÃ£o preenchida,4,0,1,0,5
SA,5,2,1,0,8
SA0 CONRADO,3,0,0,0,3
SAANTA TERESA,0,0,0,1,1
SAANTA TERSA,4,1,0,0,5
SAANT CRUZ,1,0,0,0,1
SABNTA CRUZ,1,0,0,0,1
SABTA CRUZ,2,0,0,0,2
SALGGUEIRO,0,1,0,0,1
SAMAPIO,7,1,2,0,10
SAMPAIIO,1,0,0,0,1
SAMPAIO,1,85,193,163,1
SAMPAO,1,0,0,0,1
SAMPIAO,1,0,0,0,1
SAMPIO,0,0,1,0,1
SAMTA CRUZ,2,0,0,0,2
SAMTISSIMO,0,1,0,0,1
SAMYA CRUZ,1,0,0,0,1
SAN,5,0,0,0,5
SAN6A CRUZ,0,0,1,0,1
SANA CRUZ,2,1,1,0,4
SANADOR CAMARA,1,2,1,1,5
SANADOR VASCONCELOS,1,1,0,0,2
SANATA CRUZ,2,1,0,0,3
SANATA TERESA,0,0,0,1,1
SANAT CRUZ,23,1,2,3,29
SANAT TERESA,1,0,0,0,1
SANISSIMO,1,0,0,0,1
SANMTISSIMO,1,0,0,1,2
SANNTA CRUZ,2,0,1,0,3
SANRA CRUZ,0,0,1,0,1
SANT,1,0,0,0,1
SANTA,31,1,2,4,38
SANTA ACRUZ,1,0,0,0,1
SANTA CANDIDA,1,0,0,0,1
SANTAC CRUZ,0,1,0,0,1
SANTA CDRUZ,0,0,1,0,1
SANTA CR,1,0,0,0,1
SANTA CRAUZ,1,0,0,0,1
SANTA CREUZ,1,0,0,0,1
SANTA CRIUZ,2,1,0,0,3
SANTA CRIZ,6,0,0,2,8
SANTA CRRUZ,2,0,0,0,2
SANTA CRU,3,1,3,0,7
SANTA CRUA,4,1,0,0,5
SANTA CRUCRUZ,1,0,0,0,1
SANTA CRUIZ,3,0,0,0,3
SANTA CRUS,1,0,0,0,1
SANTA CRUX,1,0,0,0,1
SANTACRUZ,2,0,0,0,2
SA NTA CRUZ,1,0,0,0,1
SANT ACRUZ,5,0,0,0,5
SANTA CRUZ,29,2,3,3,39
SANTA C RUZ,1,0,0,2,3
SANTA CRU Z,1,0,0,0,1
SANTA CRUZ241,1,0,0,0,1
SANTA CRUZ B,1,0,0,0,1
SANTA CRUZN,2,0,0,0,2
SANTA CRUZ OUTROS,3,0,0,0,3
SANTA CRUZ RUA,0,0,0,1,1
SANTA CRUZS,1,0,0,0,1
SANTA CRYUZ,2,0,0,0,2
SANTA CRZ,3,0,1,0,4
SANTA CURZ,0,0,0,1,1
SANTA CUZ,16,2,2,0,20
SANTA MARGARIDA,1,1,0,0,2
SANTA RUZ,1,0,0,0,1
SANTAS CRUZ,11,1,0,0,12
SANTA TER4ESA,0,0,1,0,1
SANTATERESA,1,0,0,0,1
SAN TA TERESA,1,0,0,0,1
SANTA TERESA,2,225,486,492,3
SANTA TE RESA,0,0,1,0,1
SANTA TERESA B,4,0,0,0,4
SANTA TERESA R,1,0,0,0,1
SANTA TERESA RUA,1,0,1,0,2
SANTA TERESAS,1,0,0,0,1
SANTA TERESSA,1,0,0,0,1
SANTA TEREZA,14,1,1,3,19
SANTA TERSA,1,0,1,0,2
SANTA TERTESA,1,0,0,0,1
SANTA TERZA,0,0,0,1,1
SANTA TRERESA,2,0,0,0,2
SANTA TRESA,2,0,1,0,3
SANTBISSIMO,1,0,0,0,1
SANT CRUZ,5,0,0,0,5
SANTERESA,1,0,0,0,1
SANTE TERESA,0,0,1,0,1
SANTI,1,0,0,0,1
SANTISIMO,4,0,1,0,5
SANTISISMO,2,0,1,1,4
SANTISSIMO,4,604,630,711,6
SA NTISSIMO,0,1,0,0,1
SANTISSI MO,1,0,0,0,1
SANTISSIMO9,1,0,0,0,1
SANTISSIMO RU,1,0,0,0,1
SANTISSIMOSANTISIS,0,0,1,0,1
SANTISSIO,1,0,0,0,1
SANTISSMO,5,1,0,0,6
SANTISSO,1,1,2,0,4
SANTISSSIMO,3,0,0,0,3
SANTO,2,0,0,1,3
SANTO AMARO,1,0,0,0,1
SANTO CRISTO,2,62,159,259,2
SANTO CRISTTO,1,0,0,0,1
SANTOS CRISTO,5,0,1,0,6
SANTQ CRUZ,1,0,0,0,1
SANTRA CRUZ,1,0,0,1,2
SANTSSIMO,2,0,0,0,2
SANTZ CRUZ,0,0,1,0,1
SAO CARLOS,3,0,0,0,3
SAO CONRAD0,1,0,0,0,1
SAO CONRADO,133,7,37,25,202
SAO CO NRADO,1,0,0,0,1
SAO CRISTIOVAO,1,0,0,0,1
SAO CRISTOVAAO,1,0,0,0,1
SAO CRISTOVAN,0,0,0,1,1
SAO CRISTOVAO,3,221,416,480,4
SAO CRISTOV AO,1,0,0,0,1
SAO CRISTOVAO A,1,0,0,0,1
SAO CRISTOVAQO,1,0,0,0,1
SAO CRITOVAO,3,0,0,0,3
SAO CRSITOVAO,1,0,0,0,1
SAO CRSTOVAO,1,0,0,0,1
SAO CRTISTOVAO,0,0,0,1,1
SAO FRACISCO CHAVIER,1,0,0,0,1
SAO FRACISCO XAVIER,1,0,0,0,1
SAO FRANCICO XAVIER,2,0,0,0,2
SAO FRANCIDCO XAVIER,0,0,0,1,1
SAO FRANCISCO,1,0,0,0,1
SAO FRANCISCO JOBIM,0,0,1,0,1
SAO FRANCISCO XAVIER,317,15,45,78,455
SAO FRANCSICO XAVIER,0,0,1,0,1
SAO FRANSCISCO XAVIER,0,0,1,0,1
SAO FRNCISCO XAVIER,2,0,1,0,3
SAO JOAO DE MERITI,0,0,0,1,1
SAPAIO,0,1,0,0,1
SAQBTA CRUZ,1,0,0,0,1
SATACRUZ,1,0,0,0,1
SATA CRUZ,6,0,0,0,6
SATANT CRUZ,1,0,0,0,1
SATA TERESA,1,0,0,0,1
SATISSIMO,2,1,2,0,5
SAUDE,354,9,22,29,414
SAUDO,1,0,0,0,1
SDENADOR VASCONCELOS,1,0,0,0,1
SE,1,0,0,0,1
SE3NADOR CAMARA,1,0,0,0,1
SE4NADOR CAMARA,1,0,0,0,1
SEANDOR CAMARA,1,0,0,0,1
SEENADOR VASCONCELOS,1,0,0,0,1
SEEPTIBA,1,0,0,0,1
SEETIBA,2,0,0,1,3
SEMADOR CAMARA,0,0,0,1,1
SENA,1,0,0,0,1
SENAADOR CAMARA,1,0,0,0,1
SENA CAMARA,1,0,0,0,1
SENADO CAMARA,3,0,0,1,4
SENADOE CAMARA,1,0,0,0,1
SENADOR,5,1,0,1,7
SENADOR AUGUSTO VASCONCELOS,3,0,0,0,3
SENADOR CAAMARA,0,0,1,0,1
SENADOR CAARA,0,1,0,0,1
SENADOR CAMAAR,1,0,0,0,1
SENADOR CAMAR,7,1,1,1,10
SENADORCAMARA,0,1,0,0,1
SEN ADOR CAMARA,3,0,0,0,3
SENADOR CAMARA,8,1,1,1,13
SENADOR CAM ARA,1,0,0,0,1
SENADOR CAMARAR,1,0,0,0,1
SENADOR CAMRA,4,1,0,0,5
SENADOR VACONCELOS,5,0,0,0,5
SENADOR VASACONCELOS,0,0,0,1,1
SENADOR VASCOCELOS,3,0,0,0,3
SENADOR VASCOCNELOS,3,0,0,0,3
SENADOR VASCONCEL0S,0,1,0,0,1
SENADOR VASCONCELLOS,1,0,0,0,1
SENADOR VASCONCELO,1,0,0,0,1
SENADOR VASCONCELO9S,1,0,0,0,1
SENADOR VASCONCELOS,2,181,386,399,3
SENADOR VASCON CELOS,1,0,0,0,1
SENADOR VASCONCELOS RJ,1,0,0,0,1
SENADOR VASCONCELSO,0,1,0,0,1
SENADOR VASCONCEOS,0,1,0,0,1
SENADOR VASCONCLOS,0,1,0,0,1
SENADOR VASCONELOS,2,0,0,0,2
SENADOR VASENCELOS,0,0,1,0,1
SENADOR VASONCELOS,2,0,0,0,2
SENADOS VASCONCELOS,1,0,0,0,1
SENADRO VASCONCELOS,2,0,0,0,2
SENANDOR CAMARA,1,0,0,0,1
SENANDOR VACCONCELOS,1,0,0,0,1
SENANDOR VASCONCELOS,2,0,0,0,2
SENAOR CAMARA,0,2,0,0,2
SENARDOR CAMARA,1,0,0,0,1
SENASOR CAMARA,1,0,0,0,1
SENDOR CAMARA,2,0,0,1,3
SENDOR VASCONCELOS,2,0,0,0,2
SENHADOR CAMARA,0,0,0,1,1
SENNADOR CAMARA,1,0,0,0,1
SEN VASCONCELOS,1,0,0,1,2
SEPE,0,0,0,2,2
SEPEIBA,1,0,0,0,1
SEPEITBA,0,1,0,0,1
SEPEPTIBA,0,0,1,0,1
SEPETBA,1,0,1,0,2
SEPETIA,3,0,0,0,3
SEPETIB,2,0,0,0,2
SEPETIBA,10,411,824,989,12
SEPETIBAQ,2,0,0,0,2
SEPETIBASEPET,1,0,0,0,1
SEPTIBA,8,0,0,0,8
SERNADOR CAMARA,1,0,0,0,1
SITIO,1,0,0,0,1
SMPAIO,1,0,0,0,1
SNADOR CAMARA,0,0,1,0,1
SNADOR VASCONCELOS,1,0,0,0,1
SNATA CRUZ,1,0,1,0,2
SNATISSIMO,2,0,0,0,2
SNEDOR CAMARA,1,0,0,0,1
SNTA CRUZ,2,0,0,1,3
SNTISSIMO,4,0,0,0,4
SOBRADO,1,0,0,0,1
SOSSEGO,1,0,0,0,1
SPEETIBA,1,0,0,0,1
SPETIBA,3,0,0,0,3
SSANTA TERESA,1,0,0,1,2
STA CRUZ,1,0,0,0,1
SUADE,1,0,0,0,1
SULACAP,9,1,5,1,16
SWANTA CRUZ,1,0,0,0,1
SZANTA TERESA,1,0,0,0,1
Localidade nÃ£o preenchida,9,2,1,4,16
TA,2,0,0,0,2
TAMQUE,1,0,0,0,1
TAN,1,0,0,0,1
TANQUE,2,536,728,567,4
TANQUE JACAREPAGUA,0,0,1,0,1
TANQUIE,1,0,0,0,1
TAQ,0,0,0,1,1
TAQNUE,1,0,0,0,1
TAQU,0,0,2,0,2
TAQUA,0,0,0,1,1
TAQUAR,0,0,0,1,1
TAQUARA,5,997,1,1,10
TAQUARA COLONIA,1,0,0,0,1
TAQUARA IPADU,0,0,0,1,1
TAQUARA JACAREGUA,0,0,2,1,3
TAQUARA JACAREPAQUA,1,0,0,0,1
TAQUERA,0,1,0,0,1
TAQURA,5,0,0,1,6
TAU,2,0,0,0,2
TAUA,1,462,552,375,2
TAUQARA,0,0,0,1,1
TEIXEIRA,1,0,0,0,1
TERRA ENCANTADA,0,0,1,0,1
TERRIO,1,0,0,0,1
THOMAS COELHO,4,1,0,1,6
THOMAZ COELHO,1,0,0,0,1
TI,1,0,0,0,1
TIJCUA,1,0,0,0,1
TIJUCA,2,721,1,1,5
TIJUQUINHA,3,0,0,0,3
TIJUYCA,1,0,0,0,1
TIMAS COELHO,1,0,0,0,1
TIMBAU,1,0,0,0,1
TIROL,0,0,1,0,1
TIUCA,0,0,1,0,1
TIUJCA,1,0,0,0,1
TODOS DOS SANTOS,1,0,0,0,1
TODOS OS SANTOS,438,15,81,112,646
TODOS SO SANTOS,1,0,0,0,1
TODOS SOS SANTOS,1,0,0,0,1
TOM,1,0,0,0,1
TOMA,0,0,1,0,1
TOMAS,0,0,0,1,1
TOMAS COE,1,0,0,0,1
TOMAS COEL,1,0,0,0,1
TOMAS COELHO,1,52,274,269,2
TOMAS COELHPO,2,0,0,0,2
TOMAS COLEHO,3,0,0,1,4
TOMAZ COELHO,3,0,0,1,4
TRAVESSA,2,0,0,0,2
TRIAGEM,4,0,0,0,4
TRUACU,1,0,0,0,1
TUA,1,0,0,0,1
TUBIACANGA,4,2,3,1,10
TUIUTI,3,0,0,0,3
TURACU,1,0,0,0,1
TURANO,1,0,0,0,1
TURIA,2,0,0,0,2
TURIACU,1,97,162,166,1
TURIACUA,0,0,0,1,1
TURIAU,0,0,0,1,1
TURICU,2,0,0,0,2
UADALUPE,0,0,1,0,1
UITANHA,0,0,1,0,1
UJARDIM SULACAP,1,0,0,0,1
URCA,39,2,7,21,69
URU,1,0,0,0,1
URUCANIA,2,0,0,0,2
USINA,0,0,0,1,1
VAGEM GRANDE,0,2,0,0,2
VALQUEIRE,1,0,1,0,2
VAQRGEM GRANDE,1,0,0,0,1
VAR,0,0,1,0,1
VAREGM PEQUENA,0,1,1,0,2
VARGEM GANDE,1,0,0,0,1
VARGEM GARNDE,2,1,0,0,3
VARGEM GRADE,0,0,1,0,1
VARGEM GRAND,1,0,0,0,1
VARGEM GRANDE,1,295,309,259,2
VARGEM GRANDEES,1,0,0,0,1
VARGEM GRANHDE,0,0,0,1,1
V ARGEM PEQUENA,2,0,1,0,3
VARGEM PEQUENA,2,493,603,461,4
VARGEM PEQUEN A,1,0,0,0,1
VARGEM PEQUENAAVE,0,0,1,0,1
VARGEM PEQUNA,1,0,1,0,2
VARGEM PEQURENA,1,0,0,0,1
VARGE PEQUENA,0,0,1,0,1
VAS,1,0,0,0,1
VASCO DA GAMA,1,173,226,205,1
VASCONCELOS,1,0,0,0,1
VAZ BOBO,1,0,0,0,1
VAZL LOBO,1,0,0,0,1
VAZ LOB,1,0,0,0,1
VAZLOBO,1,0,1,0,2
VA Z LOBO,0,2,0,0,2
VAZ LOBO,1,122,176,175,1
VAZ LOBO 1,1,0,0,0,1
VAZ OBO,1,0,0,0,1
VENDA DE VARANDA,1,1,0,0,2
VI,2,0,1,1,4
VIA DA PENHA,1,0,0,0,1
VIAGARIO GERAL,1,0,0,0,1
VIA ISABEL,2,0,0,0,2
VIA KENNEDY,1,0,0,1,2
VIA KOSMOS,1,0,0,0,1
VIAL ISABEL,0,0,0,3,3
VICE,1,0,0,0,1
VICENTE,0,0,2,0,2
VICENTE CARVALHO,14,3,6,2,25
VICENTE D CARVALHO,0,0,0,1,1
VICENTE DE CAERVALHO,1,0,0,0,1
VICENTE DE CARAVLHO,1,0,0,0,1
VICENTE DE CARVAHO,1,0,0,1,2
VICENTE DE CARVALHO,1,277,324,286,2
VICENTE DE C ARVALHO,0,0,0,1,1
VICENTE DE CARVALHON,0,0,1,0,1
VICENTE DE CARVALO,1,0,0,0,1
VICENTE DE CARVLHAO,0,1,0,0,1
VICENTE DE CARVLHO,1,0,0,0,1
VICENTE DE CRVALHO,1,0,1,0,2
VICENTE DER CARVALHO,1,0,0,0,1
VICENTE DE VARVALHO,0,0,1,0,1
VICNTE DE CARVCALHO,1,0,0,0,1
VID8GAL,0,0,1,0,1
VIDEIGAL,0,0,1,0,1
VIDIAGAL,1,0,1,0,2
VIDIGAL,1,128,356,261,2
VIDIGL,1,0,0,0,1
VIECENTE DE CARVALHO,1,0,0,0,1
VIGA,1,0,0,0,1
VIGARAL GERAL,1,0,0,0,1
VIGARE GERAL,0,0,0,1,1
VIGARIA,1,0,0,0,1
VIGARIA GERAL,2,0,0,0,2
VIGARI GERAL,1,0,0,0,1
VIGARIO,1,0,0,0,1
VIGARIO GERAL,3,371,679,545,4
VIGARIO GERLA,1,0,0,0,1
VIGERAL GERAL,0,0,0,1,1
VIGRIO GERAL,6,0,0,1,7
VIIDGAL,2,0,0,0,2
VIIDIGAL,0,1,0,0,1
VILA,4,0,0,0,4
VILA 4 BLOCO 6 APTO301,0,0,1,0,1
VILA ALIANCA,20,2,1,1,24
VILA CANOAS,4,0,1,0,5
VILA CANOAS SAO CONRADO,1,0,0,0,1
VILA CATIRI,1,0,0,0,1
VILA COSMO,1,0,0,0,1
VILA COSMOS,7,0,1,5,13
VILA CRUZEIRO,1,0,0,0,1
VILA DA PAZ,1,0,0,0,1
VILA DA PEMHA,0,0,0,1,1
VILA DA PENA,1,0,1,0,2
VILA DA PENHA,379,89,167,199,834
VILA DE PENHA,0,0,0,1,1
VILA DO JOAO,2,1,0,0,3
VILA DO JOAO MARE,1,0,0,0,1
VILA DO PINHEIRO,4,0,0,0,4
VILA DO PINHEIRO MARE,1,0,0,0,1
VILA DOS PINHEIROS,2,2,0,1,5
VILA ELDORADO,1,0,0,0,1
VILA ENNEDY,1,0,0,0,1
VILA ESPENCA,0,0,1,0,1
VILA ESPERANCA,1,0,0,0,1
VILA ESPERANCA JARDIM AMERICA,1,0,0,0,1
VILAGE,2,0,0,0,2
VILAGE PAVUNA,0,0,0,1,1
VILA IABEL,0,0,1,0,1
VILA ISA,0,0,0,1,1
VILA ISAB3L,1,0,0,0,1
VILA ISABAEL,1,0,0,0,1
VILA ISABE,0,0,0,1,1
VIL A ISABEL,10,2,1,0,13
VILA ISABEL,2,415,625,552,4
VILA I SABEL,1,0,0,0,1
VILA ISABEWL,0,0,1,0,1
VILA ISABL,2,0,0,0,2
VILA ISABRL,1,0,0,0,1
VILA ISAEBL,1,0,0,0,1
VILA ISBAEL,1,0,0,0,1
VIL A ISBEL,1,0,0,0,1
VILA ISBEL,1,0,0,0,1
VILA JOAO,0,0,1,0,1
VILA JUREMA,1,0,0,0,1
VILA KE,1,0,0,0,1
VILA KENEDY,3,0,0,0,3
VILA KENENDY,2,0,0,0,2
VILA KENNDEDY,1,0,0,0,1
VILA KENNDY,6,0,0,0,6
VILA KENNED,2,0,1,0,3
VILA KENNEDY,6,328,476,495,7
VILA KENNEDY BANGU,0,2,0,0,2
VILA KENNEDYES,1,0,0,0,1
VILA KENNENDY,4,0,3,1,8
VILA KENNNEDY,2,0,0,1,3
VILA KENNYDI,1,0,0,0,1
VILA KKENNEDY,1,0,0,0,1
VILA KOMOS,1,0,0,0,1
VILA KOSMO,7,0,3,2,12
VILA KOSMOS,596,135,218,148,1
VILA KSOMOS,0,1,0,0,1
VILA METRAL,1,0,0,0,1
VILA MILITAR,185,25,32,26,268
VILA MILLITAR,1,0,0,0,1
VILA MLITAR,0,0,0,1,1
VILA PA PENHA,1,0,0,0,1
VILAR CARIOCA,1,0,0,0,1
VILA SAPE,1,0,0,0,1
VILA SIABEL,0,0,1,0,1
VILAS KOSMOS,0,0,0,1,1
VILA VALQUEIRA,1,1,0,0,2
VILA VALQUEIRE,1,198,343,255,1
VILA VALQUEIRO,0,1,0,0,1
VILA VERDE,1,0,0,0,1
VILA VINTEM,2,0,0,0,2
VIL ISABEL,0,0,1,0,1
VIL KENNEDY,1,0,0,0,1
VILLAGE PAVUNA,1,1,1,0,3
VILLA KENNEDY,3,0,0,0,3
VILLA KOSMO,1,0,0,0,1
VILS KOSMOS,1,0,0,0,1
VIRGEM PEQUENA,1,0,0,0,1
VISA ISABEL,0,0,1,0,1
VIS ALEGRE,1,0,0,0,1
VISTA ALEGRE,239,49,99,100,487
VISTO ALEGRE,0,0,1,0,1
VIVENTE DE CARVALHO,0,0,1,0,1
VIVIGARIO GERAL,4,0,0,1,5
VLA ISABEL,1,0,0,0,1
VL VALQUEIRE,0,0,1,0,1
VOLA KENNEDY,0,1,0,0,1
VOLA KOSMOS,0,0,1,0,1
WESLEN CLAUDINO DA SILVA,1,0,0,0,1
WSSSSSDZX,1,0,0,0,1
Localidade nÃ£o preenchida,1,0,0,0,1
XAMPO GRANDE,0,0,0,1,1
YASMIN MARQUES GUIMARAES,0,0,0,1,1
ZONA NORTE,1,0,0,0,1
ZUMBI,16,14,14,14,58
Localidade nÃ£o preenchida,9,0,1,0,10
Total,436,54,82,74,648
